Plot,X,Y
Metadata,6000,Gallery
Metadata,6000,Probe
Metadata,1041,Genuine
Metadata,358752,Impostor
Metadata,35640207,Ignored
DET,1e-06,0.98656
FAR,2.26155,1e-06
FRR,-0.513108,0.0001
IET,0.001,0.959154
DET,1.02807e-06,0.986182
FAR,2.26155,1.02807e-06
FRR,-0.513108,0.000101863
IET,0.00101394,0.958584
DET,1.05694e-06,0.985794
FAR,2.26155,1.05694e-06
FRR,-0.513108,0.00010376
IET,0.00102807,0.958007
DET,1.08661e-06,0.985396
FAR,2.26155,1.08661e-06
FRR,-0.513108,0.000105693
IET,0.0010424,0.957422
DET,1.11711e-06,0.984986
FAR,2.26155,1.11711e-06
FRR,-0.513108,0.000107662
IET,0.00105693,0.956828
DET,1.14847e-06,0.984564
FAR,2.26155,1.14847e-06
FRR,-0.513108,0.000109668
IET,0.00107167,0.956227
DET,1.18071e-06,0.984131
FAR,2.26155,1.18071e-06
FRR,-0.513108,0.000111711
IET,0.00108661,0.955616
DET,1.21386e-06,0.983685
FAR,2.26155,1.21386e-06
FRR,-0.513108,0.000113792
IET,0.00110175,0.954998
DET,1.24794e-06,0.983227
FAR,2.26155,1.24794e-06
FRR,-0.513108,0.000115912
IET,0.00111711,0.95437
DET,1.28297e-06,0.982757
FAR,2.26155,1.28297e-06
FRR,-0.513108,0.000118071
IET,0.00113268,0.953734
DET,1.31899e-06,0.982272
FAR,2.26155,1.31899e-06
FRR,-0.513108,0.000120271
IET,0.00114847,0.953089
DET,1.35602e-06,0.981775
FAR,2.26155,1.35602e-06
FRR,-0.513108,0.000122511
IET,0.00116448,0.952435
DET,1.39408e-06,0.981263
FAR,2.26155,1.39408e-06
FRR,-0.513108,0.000124794
IET,0.00118071,0.951772
DET,1.43322e-06,0.980737
FAR,2.26155,1.43322e-06
FRR,-0.513108,0.000127118
IET,0.00119717,0.9511
DET,1.47345e-06,0.980196
FAR,2.26155,1.47345e-06
FRR,-0.513108,0.000129486
IET,0.00121386,0.950419
DET,1.51482e-06,0.97964
FAR,2.26155,1.51482e-06
FRR,-0.513108,0.000131899
IET,0.00123078,0.949727
DET,1.55734e-06,0.979069
FAR,2.26155,1.55734e-06
FRR,-0.513108,0.000134356
IET,0.00124794,0.949027
DET,1.60106e-06,0.978481
FAR,2.26155,1.60106e-06
FRR,-0.513108,0.000136859
IET,0.00126533,0.948316
DET,1.64601e-06,0.977877
FAR,2.26155,1.64601e-06
FRR,-0.513108,0.000139408
IET,0.00128297,0.947596
DET,1.69222e-06,0.977256
FAR,2.26155,1.69222e-06
FRR,-0.513108,0.000142005
IET,0.00130085,0.946865
DET,1.73973e-06,0.976618
FAR,2.26155,1.73973e-06
FRR,-0.513108,0.000144651
IET,0.00131899,0.946124
DET,1.78857e-06,0.975961
FAR,2.26155,1.78857e-06
FRR,-0.513108,0.000147345
IET,0.00133737,0.945373
DET,1.83878e-06,0.975286
FAR,2.26155,1.83878e-06
FRR,-0.513108,0.00015009
IET,0.00135602,0.944612
DET,1.8904e-06,0.974593
FAR,2.26155,1.8904e-06
FRR,-0.513108,0.000152886
IET,0.00137492,0.94384
DET,1.94347e-06,0.973879
FAR,2.26155,1.94347e-06
FRR,-0.513108,0.000155734
IET,0.00139408,0.943057
DET,1.99803e-06,0.973146
FAR,2.26155,1.99803e-06
FRR,-0.513108,0.000158636
IET,0.00141352,0.942263
DET,2.05412e-06,0.972392
FAR,2.26155,2.05412e-06
FRR,-0.513108,0.000161591
IET,0.00143322,0.941459
DET,2.11178e-06,0.971617
FAR,2.26155,2.11178e-06
FRR,-0.513108,0.000164601
IET,0.0014532,0.940642
DET,2.17107e-06,0.97082
FAR,2.26155,2.17107e-06
FRR,-0.513108,0.000167668
IET,0.00147345,0.939815
DET,2.23202e-06,0.970001
FAR,2.26155,2.23202e-06
FRR,-0.513108,0.000170791
IET,0.00149399,0.938976
DET,2.29468e-06,0.969159
FAR,2.26155,2.29468e-06
FRR,-0.513108,0.000173973
IET,0.00151482,0.938125
DET,2.3591e-06,0.968293
FAR,2.26155,2.3591e-06
FRR,-0.513108,0.000177214
IET,0.00153593,0.937263
DET,2.42532e-06,0.967403
FAR,2.26155,2.42532e-06
FRR,-0.513108,0.000180515
IET,0.00155734,0.936388
DET,2.49341e-06,0.966488
FAR,2.26155,2.49341e-06
FRR,-0.513108,0.000183878
IET,0.00157905,0.935502
DET,2.56341e-06,0.965547
FAR,2.26155,2.56341e-06
FRR,-0.513108,0.000187303
IET,0.00160106,0.934603
DET,2.63537e-06,0.96458
FAR,2.26155,2.63537e-06
FRR,-0.513108,0.000190792
IET,0.00162338,0.933691
DET,2.70935e-06,0.963586
FAR,2.26155,2.70935e-06
FRR,-0.513108,0.000194347
IET,0.00164601,0.932767
DET,2.78541e-06,0.962563
FAR,2.26155,2.78541e-06
FRR,-0.513108,0.000197967
IET,0.00166896,0.93183
DET,2.86361e-06,0.961512
FAR,2.26155,2.86361e-06
FRR,-0.513108,0.000201655
IET,0.00169222,0.930879
DET,2.944e-06,0.960432
FAR,2.26155,2.944e-06
FRR,-0.513108,0.000205412
IET,0.00171581,0.929916
DET,3.02665e-06,0.959321
FAR,2.26155,3.02665e-06
FRR,-0.513108,0.000209238
IET,0.00173973,0.928939
DET,3.11161e-06,0.958179
FAR,2.26155,3.11161e-06
FRR,-0.513108,0.000213136
IET,0.00176398,0.927948
DET,3.19897e-06,0.957005
FAR,2.26155,3.19897e-06
FRR,-0.513108,0.000217107
IET,0.00178857,0.926944
DET,3.28877e-06,0.955798
FAR,2.26155,3.28877e-06
FRR,-0.513108,0.000221151
IET,0.0018135,0.925926
DET,3.3811e-06,0.954557
FAR,2.26155,3.3811e-06
FRR,-0.513108,0.000225271
IET,0.00183878,0.924893
DET,3.47602e-06,0.953281
FAR,2.26155,3.47602e-06
FRR,-0.513108,0.000229468
IET,0.00186441,0.923846
DET,3.5736e-06,0.95197
FAR,2.26155,3.5736e-06
FRR,-0.513108,0.000233742
IET,0.0018904,0.922785
DET,3.67392e-06,0.950621
FAR,2.26155,3.67392e-06
FRR,-0.513108,0.000238097
IET,0.00191675,0.921708
DET,3.77706e-06,0.949235
FAR,2.26155,3.77706e-06
FRR,-0.513108,0.000242532
IET,0.00194347,0.920617
DET,3.8831e-06,0.94781
FAR,2.26155,3.8831e-06
FRR,-0.513108,0.00024705
IET,0.00197056,0.91951
DET,3.99211e-06,0.946345
FAR,2.26155,3.99211e-06
FRR,-0.513108,0.000251653
IET,0.00199803,0.918388
DET,4.10418e-06,0.944839
FAR,2.26155,4.10418e-06
FRR,-0.513108,0.000256341
IET,0.00202588,0.917251
DET,4.2194e-06,0.94329
FAR,2.26155,4.2194e-06
FRR,-0.513108,0.000261116
IET,0.00205412,0.916097
DET,4.33785e-06,0.941698
FAR,2.26155,4.33785e-06
FRR,-0.513108,0.00026598
IET,0.00208275,0.914928
DET,4.45963e-06,0.940061
FAR,2.26155,4.45963e-06
FRR,-0.513108,0.000270935
IET,0.00211178,0.913742
DET,4.58482e-06,0.938379
FAR,2.26155,4.58482e-06
FRR,-0.513108,0.000275983
IET,0.00214122,0.912539
DET,4.71353e-06,0.936649
FAR,2.26155,4.71353e-06
FRR,-0.513108,0.000281124
IET,0.00217107,0.91132
DET,4.84586e-06,0.93487
FAR,2.26155,4.84586e-06
FRR,-0.513108,0.000286361
IET,0.00220133,0.910084
DET,4.9819e-06,0.933042
FAR,2.26155,4.9819e-06
FRR,-0.513108,0.000291696
IET,0.00223202,0.908831
DET,5.12175e-06,0.931162
FAR,2.26155,5.12175e-06
FRR,-0.513108,0.00029713
IET,0.00226313,0.90756
DET,5.26554e-06,0.92923
FAR,2.26155,5.26554e-06
FRR,-0.513108,0.000302665
IET,0.00229468,0.906271
DET,5.41336e-06,0.927243
FAR,2.26155,5.41336e-06
FRR,-0.513108,0.000308303
IET,0.00232666,0.904965
DET,5.56533e-06,0.9252
FAR,2.26155,5.56533e-06
FRR,-0.513108,0.000314047
IET,0.0023591,0.90364
DET,5.72157e-06,0.924415
FAR,2.25106,5.72157e-06
FRR,-0.513108,0.000319897
IET,0.00239198,0.902297
DET,5.88219e-06,0.923695
FAR,2.23957,5.88219e-06
FRR,-0.513108,0.000325856
IET,0.00242532,0.900935
DET,6.04732e-06,0.922955
FAR,2.22776,6.04732e-06
FRR,-0.513108,0.000331927
IET,0.00245913,0.899554
DET,6.21709e-06,0.922195
FAR,2.21562,6.21709e-06
FRR,-0.513108,0.00033811
IET,0.00249341,0.898154
DET,6.39162e-06,0.921413
FAR,2.20313,6.39162e-06
FRR,-0.513108,0.000344409
IET,0.00252817,0.896734
DET,6.57105e-06,0.920609
FAR,2.1903,6.57105e-06
FRR,-0.513108,0.000350825
IET,0.00256341,0.895295
DET,6.75553e-06,0.919783
FAR,2.17711,6.75553e-06
FRR,-0.513108,0.00035736
IET,0.00259914,0.893835
DET,6.94518e-06,0.918933
FAR,2.16354,6.94518e-06
FRR,-0.513108,0.000364017
IET,0.00263537,0.892355
DET,7.14015e-06,0.918059
FAR,2.1496,7.14015e-06
FRR,-0.513108,0.000370799
IET,0.00267211,0.890855
DET,7.34059e-06,0.917161
FAR,2.13527,7.34059e-06
FRR,-0.513108,0.000377706
IET,0.00270935,0.889333
DET,7.54668e-06,0.916238
FAR,2.12053,7.54668e-06
FRR,-0.513108,0.000384743
IET,0.00274712,0.887791
DET,7.75853e-06,0.915289
FAR,2.10538,7.75853e-06
FRR,-0.513108,0.00039191
IET,0.00278541,0.886227
DET,7.97634e-06,0.914313
FAR,2.0898,7.97634e-06
FRR,-0.513108,0.000399211
IET,0.00282424,0.884641
DET,8.20027e-06,0.91331
FAR,2.07378,8.20027e-06
FRR,-0.513108,0.000406648
IET,0.00286361,0.883033
DET,8.43047e-06,0.912408
FAR,2.06084,8.43047e-06
FRR,-0.513108,0.000414223
IET,0.00290353,0.881402
DET,8.66714e-06,0.911796
FAR,2.05615,8.66714e-06
FRR,-0.513108,0.00042194
IET,0.002944,0.879749
DET,8.91045e-06,0.911167
FAR,2.05133,8.91045e-06
FRR,-0.513108,0.0004298
IET,0.00298504,0.878073
DET,9.16059e-06,0.910521
FAR,2.04637,9.16059e-06
FRR,-0.513108,0.000437807
IET,0.00302665,0.876373
DET,9.41777e-06,0.909856
FAR,2.04128,9.41777e-06
FRR,-0.513108,0.000445963
IET,0.00306884,0.87465
DET,9.68215e-06,0.909173
FAR,2.03604,9.68215e-06
FRR,-0.513108,0.000454271
IET,0.00311162,0.872902
DET,9.95396e-06,0.90847
FAR,2.03065,9.95396e-06
FRR,-0.513108,0.000462733
IET,0.00315499,0.871131
DET,1.02334e-05,0.907748
FAR,2.02511,1.02334e-05
FRR,-0.513108,0.000471354
IET,0.00319897,0.869334
DET,1.05207e-05,0.907005
FAR,2.01942,1.05207e-05
FRR,-0.513108,0.000480134
IET,0.00324356,0.867513
DET,1.0816e-05,0.906242
FAR,2.01356,1.0816e-05
FRR,-0.513108,0.000489079
IET,0.00328877,0.865666
DET,1.11197e-05,0.905457
FAR,2.00755,1.11197e-05
FRR,-0.513108,0.00049819
IET,0.00333462,0.863794
DET,1.14318e-05,0.90465
FAR,2.00136,1.14318e-05
FRR,-0.513108,0.000507471
IET,0.0033811,0.861895
DET,1.17528e-05,0.903821
FAR,1.995,1.17528e-05
FRR,-0.513108,0.000516924
IET,0.00342823,0.85997
DET,1.20827e-05,0.902968
FAR,1.98846,1.20827e-05
FRR,-0.513108,0.000526554
IET,0.00347602,0.858018
DET,1.24219e-05,0.902091
FAR,1.98174,1.24219e-05
FRR,-0.513108,0.000536363
IET,0.00352447,0.856039
DET,1.27706e-05,0.90119
FAR,1.97483,1.27706e-05
FRR,-0.513108,0.000546355
IET,0.0035736,0.854032
DET,1.31291e-05,0.900263
FAR,1.96772,1.31291e-05
FRR,-0.513108,0.000556533
IET,0.00362342,0.851997
DET,1.34977e-05,0.899311
FAR,1.96042,1.34977e-05
FRR,-0.513108,0.000566901
IET,0.00367392,0.849934
DET,1.38766e-05,0.898331
FAR,1.95291,1.38766e-05
FRR,-0.513108,0.000577461
IET,0.00372514,0.847843
DET,1.42662e-05,0.898061
FAR,1.94988,1.42662e-05
FRR,-0.513108,0.000588219
IET,0.00377706,0.845722
DET,1.46667e-05,0.897923
FAR,1.94766,1.46667e-05
FRR,-0.513108,0.000599177
IET,0.00382971,0.843571
DET,1.50784e-05,0.897782
FAR,1.94537,1.50784e-05
FRR,-0.513108,0.000610339
IET,0.0038831,0.84139
DET,1.55017e-05,0.897636
FAR,1.94302,1.55017e-05
FRR,-0.513108,0.000621709
IET,0.00393723,0.83918
DET,1.59369e-05,0.897486
FAR,1.9406,1.59369e-05
FRR,-0.513108,0.000633291
IET,0.00399211,0.836938
DET,1.63843e-05,0.897331
FAR,1.93812,1.63843e-05
FRR,-0.513108,0.000645088
IET,0.00404776,0.834665
DET,1.68443e-05,0.897194
FAR,1.93617,1.68443e-05
FRR,-0.513108,0.000657106
IET,0.00410418,0.83236
DET,1.73172e-05,0.897112
FAR,1.93593,1.73172e-05
FRR,-0.513108,0.000669347
IET,0.00416139,0.830023
DET,1.78033e-05,0.897028
FAR,1.93568,1.78033e-05
FRR,-0.513108,0.000681816
IET,0.0042194,0.827654
DET,1.83031e-05,0.896942
FAR,1.93543,1.83031e-05
FRR,-0.513108,0.000694518
IET,0.00427821,0.826916
DET,1.88169e-05,0.896854
FAR,1.93517,1.88169e-05
FRR,-0.513108,0.000707456
IET,0.00433785,0.826907
DET,1.93452e-05,0.896763
FAR,1.9349,1.93452e-05
FRR,-0.513108,0.000720635
IET,0.00439832,0.826897
DET,1.98883e-05,0.896669
FAR,1.93463,1.98883e-05
FRR,-0.513108,0.00073406
IET,0.00445963,0.826887
DET,2.04466e-05,0.896573
FAR,1.93434,2.04466e-05
FRR,-0.513108,0.000747735
IET,0.00452179,0.826877
DET,2.10206e-05,0.896474
FAR,1.93405,2.10206e-05
FRR,-0.513108,0.000761664
IET,0.00458482,0.826867
DET,2.16107e-05,0.896372
FAR,1.93375,2.16107e-05
FRR,-0.513108,0.000775853
IET,0.00464873,0.826856
DET,2.22174e-05,0.896268
FAR,1.93345,2.22174e-05
FRR,-0.513108,0.000790307
IET,0.00471354,0.826846
DET,2.28411e-05,0.89616
FAR,1.93313,2.28411e-05
FRR,-0.513108,0.000805029
IET,0.00477924,0.826835
DET,2.34823e-05,0.89605
FAR,1.9328,2.34823e-05
FRR,-0.513108,0.000820026
IET,0.00484586,0.826824
DET,2.41416e-05,0.895936
FAR,1.93247,2.41416e-05
FRR,-0.513108,0.000835302
IET,0.00491341,0.826813
DET,2.48193e-05,0.895819
FAR,1.93213,2.48193e-05
FRR,-0.513108,0.000850863
IET,0.0049819,0.826802
DET,2.55161e-05,0.895699
FAR,1.93178,2.55161e-05
FRR,-0.513108,0.000866714
IET,0.00505134,0.826791
DET,2.62324e-05,0.895576
FAR,1.93141,2.62324e-05
FRR,-0.513108,0.00088286
IET,0.00512175,0.82678
DET,2.69688e-05,0.895449
FAR,1.93104,2.69688e-05
FRR,-0.513108,0.000899307
IET,0.00519315,0.826768
DET,2.77259e-05,0.895319
FAR,1.93066,2.77259e-05
FRR,-0.513108,0.00091606
IET,0.00526554,0.826756
DET,2.85043e-05,0.895184
FAR,1.92605,2.85043e-05
FRR,-0.513108,0.000933125
IET,0.00533894,0.826744
DET,2.93045e-05,0.895047
FAR,1.9203,2.93045e-05
FRR,-0.513108,0.000950508
IET,0.00541336,0.826732
DET,3.01272e-05,0.894905
FAR,1.91438,3.01272e-05
FRR,-0.513108,0.000968215
IET,0.00548882,0.82672
DET,3.09729e-05,0.894759
FAR,1.9083,3.09729e-05
FRR,-0.513108,0.000986252
IET,0.00556533,0.826708
DET,3.18424e-05,0.894609
FAR,1.90205,3.18424e-05
FRR,-0.513108,0.00100463
IET,0.00564291,0.826695
DET,3.27363e-05,0.894455
FAR,1.89563,3.27363e-05
FRR,-0.513108,0.00102334
IET,0.00572157,0.826682
DET,3.36553e-05,0.894084
FAR,1.88875,3.36553e-05
FRR,-0.513108,0.0010424
IET,0.00580132,0.82667
DET,3.46002e-05,0.892944
FAR,1.88072,3.46002e-05
FRR,-0.513108,0.00106182
IET,0.00588219,0.826656
DET,3.55715e-05,0.891773
FAR,1.87247,3.55715e-05
FRR,-0.513108,0.0010816
IET,0.00596418,0.826643
DET,3.65701e-05,0.890568
FAR,1.86399,3.65701e-05
FRR,-0.513108,0.00110175
IET,0.00604732,0.82663
DET,3.75968e-05,0.88933
FAR,1.85526,3.75968e-05
FRR,-0.513108,0.00112228
IET,0.00613162,0.826616
DET,3.86522e-05,0.888057
FAR,1.8463,3.86522e-05
FRR,-0.513108,0.00114318
IET,0.00621709,0.826602
DET,3.97373e-05,0.887362
FAR,1.84222,3.97373e-05
FRR,-0.513108,0.00116448
IET,0.00630375,0.826588
DET,4.08528e-05,0.886978
FAR,1.84077,4.08528e-05
FRR,-0.513108,0.00118617
IET,0.00639162,0.826574
DET,4.19997e-05,0.886609
FAR,1.83944,4.19997e-05
FRR,-0.513108,0.00120827
IET,0.00648072,0.826559
DET,4.31788e-05,0.886365
FAR,1.83888,4.31788e-05
FRR,-0.513108,0.00123078
IET,0.00657106,0.826545
DET,4.4391e-05,0.886114
FAR,1.83831,4.4391e-05
FRR,-0.513108,0.00125371
IET,0.00666265,0.82653
DET,4.56371e-05,0.885856
FAR,1.83772,4.56371e-05
FRR,-0.513108,0.00127706
IET,0.00675553,0.826515
DET,4.69184e-05,0.885592
FAR,1.83712,4.69184e-05
FRR,-0.513108,0.00130085
IET,0.0068497,0.8265
DET,4.82355e-05,0.885319
FAR,1.83649,4.82355e-05
FRR,-0.513108,0.00132509
IET,0.00694518,0.826484
DET,4.95896e-05,0.885039
FAR,1.83585,4.95896e-05
FRR,-0.513108,0.00134977
IET,0.00704199,0.826468
DET,5.09817e-05,0.884751
FAR,1.83519,5.09817e-05
FRR,-0.513108,0.00137492
IET,0.00714015,0.826453
DET,5.24129e-05,0.884455
FAR,1.83452,5.24129e-05
FRR,-0.513108,0.00140053
IET,0.00723968,0.826436
DET,5.38844e-05,0.884151
FAR,1.83382,5.38844e-05
FRR,-0.513108,0.00142662
IET,0.0073406,0.82642
DET,5.53971e-05,0.883838
FAR,1.8331,5.53971e-05
FRR,-0.513108,0.0014532
IET,0.00744292,0.826403
DET,5.69522e-05,0.883558
FAR,1.83131,5.69522e-05
FRR,-0.513108,0.00148027
IET,0.00754667,0.826387
DET,5.85511e-05,0.883283
FAR,1.82914,5.85511e-05
FRR,-0.513108,0.00150784
IET,0.00765187,0.82637
DET,6.01948e-05,0.883
FAR,1.82692,6.01948e-05
FRR,-0.513108,0.00153593
IET,0.00775853,0.826352
DET,6.18847e-05,0.881838
FAR,1.82356,6.18847e-05
FRR,-0.513108,0.00156455
IET,0.00786668,0.826335
DET,6.36219e-05,0.878845
FAR,1.81792,6.36219e-05
FRR,-0.513108,0.00159369
IET,0.00797634,0.826317
DET,6.54081e-05,0.877108
FAR,1.81488,6.54081e-05
FRR,-0.513108,0.00162338
IET,0.00808753,0.826299
DET,6.72443e-05,0.875962
FAR,1.81226,6.72443e-05
FRR,-0.513108,0.00165362
IET,0.00820026,0.826281
DET,6.9132e-05,0.875311
FAR,1.80706,6.9132e-05
FRR,-0.513108,0.00168443
IET,0.00831457,0.826262
DET,7.10728e-05,0.874164
FAR,1.79103,7.10728e-05
FRR,-0.513108,0.00171581
IET,0.00843047,0.826243
DET,7.30681e-05,0.872789
FAR,1.77255,7.30681e-05
FRR,-0.513108,0.00174777
IET,0.00854799,0.826224
DET,7.51193e-05,0.871375
FAR,1.75932,7.51193e-05
FRR,-0.513108,0.00178033
IET,0.00866714,0.826205
DET,7.72281e-05,0.871142
FAR,1.75577,7.72281e-05
FRR,-0.513108,0.0018135
IET,0.00878795,0.826185
DET,7.93961e-05,0.870993
FAR,1.75286,7.93961e-05
FRR,-0.513108,0.00184728
IET,0.00891045,0.826166
DET,8.16251e-05,0.870839
FAR,1.74987,8.16251e-05
FRR,-0.513108,0.00188169
IET,0.00903466,0.826145
DET,8.39166e-05,0.870681
FAR,1.74679,8.39166e-05
FRR,-0.513108,0.00191675
IET,0.0091606,0.826125
DET,8.62723e-05,0.870519
FAR,1.74363,8.62723e-05
FRR,-0.511814,0.00195246
IET,0.00928829,0.826104
DET,8.86944e-05,0.870352
FAR,1.74038,8.86944e-05
FRR,-0.510309,0.00198883
IET,0.00941777,0.826083
DET,9.11843e-05,0.870089
FAR,1.73831,9.11843e-05
FRR,-0.508775,0.00202588
IET,0.00954905,0.826062
DET,9.37441e-05,0.869795
FAR,1.7365,9.37441e-05
FRR,-0.507213,0.00206362
IET,0.00968215,0.826041
DET,9.63758e-05,0.869492
FAR,1.73465,9.63758e-05
FRR,-0.505622,0.00210206
IET,0.00981712,0.826019
DET,9.90813e-05,0.86726
FAR,1.7309,9.90813e-05
FRR,-0.504001,0.00214122
IET,0.00995396,0.825996
DET,0.000101863,0.863426
FAR,1.72496,0.000101863
FRR,-0.502351,0.00218111
IET,0.0100927,0.825974
DET,0.000104723,0.859484
FAR,1.71832,0.000104723
FRR,-0.500668,0.00222174
IET,0.0102334,0.825951
DET,0.000107662,0.857529
FAR,1.7131,0.000107662
FRR,-0.498956,0.00226313
IET,0.010376,0.825928
DET,0.000110685,0.857008
FAR,1.70886,0.000110685
FRR,-0.497212,0.00230529
IET,0.0105207,0.825905
DET,0.000113792,0.856078
FAR,1.7012,0.000113792
FRR,-0.495433,0.00234823
IET,0.0106673,0.825881
DET,0.000116987,0.853115
FAR,1.69264,0.000116987
FRR,-0.493622,0.00239198
IET,0.010816,0.825857
DET,0.000120271,0.852475
FAR,1.68679,0.000120271
FRR,-0.491779,0.00243654
IET,0.0109668,0.825832
DET,0.000123647,0.85195
FAR,1.68131,0.000123647
FRR,-0.489899,0.00248193
IET,0.0111197,0.825808
DET,0.000127118,0.851552
FAR,1.67677,0.000127118
FRR,-0.487985,0.00252817
IET,0.0112747,0.825782
DET,0.000130687,0.851142
FAR,1.6721,0.000130687
FRR,-0.486036,0.00257526
IET,0.0114318,0.825757
DET,0.000134356,0.849952
FAR,1.66289,0.000134356
FRR,-0.48405,0.00262324
IET,0.0115912,0.825731
DET,0.000138128,0.849095
FAR,1.65488,0.000138128
FRR,-0.482029,0.00267211
IET,0.0117528,0.825705
DET,0.000142005,0.848872
FAR,1.64945,0.000142005
FRR,-0.479967,0.00272188
IET,0.0119166,0.825678
DET,0.000145992,0.848643
FAR,1.64387,0.000145992
FRR,-0.47787,0.00277259
IET,0.0120827,0.825651
DET,0.00015009,0.848408
FAR,1.63814,0.00015009
FRR,-0.475731,0.00282424
IET,0.0122511,0.825624
DET,0.000154304,0.847537
FAR,1.6286,0.000154304
FRR,-0.473552,0.00287685
IET,0.0124219,0.825596
DET,0.000158636,0.845427
FAR,1.61476,0.000158636
FRR,-0.4731,0.00293045
IET,0.0125951,0.825568
DET,0.000163089,0.842915
FAR,1.60104,0.000163089
FRR,-0.472821,0.00298504
IET,0.0127706,0.82554
DET,0.000167668,0.841222
FAR,1.59268,0.000167668
FRR,-0.472536,0.00304065
IET,0.0129486,0.825511
DET,0.000172374,0.840817
FAR,1.59181,0.000172374
FRR,-0.472247,0.00309729
IET,0.0131291,0.825482
DET,0.000177214,0.840477
FAR,1.59028,0.000177214
FRR,-0.471951,0.00315499
IET,0.0133122,0.825452
DET,0.000182188,0.840286
FAR,1.58738,0.000182188
FRR,-0.471651,0.00321376
IET,0.0134977,0.825422
DET,0.000187303,0.84009
FAR,1.5844,0.000187303
FRR,-0.471345,0.00327363
IET,0.0136859,0.825392
DET,0.000192561,0.839889
FAR,1.58134,0.000192561
FRR,-0.471033,0.00333462
IET,0.0138766,0.825361
DET,0.000197967,0.839682
FAR,1.57818,0.000197967
FRR,-0.470715,0.00339674
IET,0.0140701,0.825329
DET,0.000203525,0.839252
FAR,1.57409,0.000203525
FRR,-0.470392,0.00346002
IET,0.0142662,0.825297
DET,0.000209238,0.838586
FAR,1.56911,0.000209238
FRR,-0.470062,0.00352447
IET,0.0144651,0.825265
DET,0.000215112,0.836995
FAR,1.56566,0.000215112
FRR,-0.469726,0.00359013
IET,0.0146667,0.825233
DET,0.000221151,0.828996
FAR,1.55415,0.000221151
FRR,-0.469384,0.00365701
IET,0.0148712,0.825199
DET,0.00022736,0.825857
FAR,1.54481,0.00022736
FRR,-0.469036,0.00372514
IET,0.0150784,0.825166
DET,0.000233742,0.824757
FAR,1.54205,0.000233742
FRR,-0.468681,0.00379453
IET,0.0152886,0.825132
DET,0.000240304,0.820419
FAR,1.53399,0.000240304
FRR,-0.467635,0.00386522
IET,0.0155017,0.825097
DET,0.00024705,0.812507
FAR,1.52745,0.00024705
FRR,-0.465106,0.00393723
IET,0.0157178,0.825062
DET,0.000253986,0.811824
FAR,1.52314,0.000253986
FRR,-0.462529,0.00401057
IET,0.0159369,0.825027
DET,0.000261116,0.811122
FAR,1.51871,0.000261116
FRR,-0.459903,0.00408529
IET,0.0161591,0.824991
DET,0.000268446,0.810132
FAR,1.51473,0.000268446
FRR,-0.457228,0.00416139
IET,0.0163843,0.824954
DET,0.000275983,0.808835
FAR,1.51105,0.000275983
FRR,-0.454506,0.00423891
IET,0.0166127,0.824917
DET,0.00028373,0.808168
FAR,1.50822,0.00028373
FRR,-0.451731,0.00431788
IET,0.0168443,0.82488
DET,0.000291696,0.80735
FAR,1.50352,0.000291696
FRR,-0.448903,0.00439832
IET,0.0170791,0.824842
DET,0.000299884,0.805395
FAR,1.49996,0.000299884
FRR,-0.446026,0.00448025
IET,0.0173172,0.824803
DET,0.000308303,0.80437
FAR,1.498,0.000308303
FRR,-0.443094,0.00456372
IET,0.0175586,0.824764
DET,0.000316958,0.803487
FAR,1.49554,0.000316958
FRR,-0.440105,0.00464873
IET,0.0178033,0.824724
DET,0.000325856,0.80168
FAR,1.49179,0.000325856
FRR,-0.437062,0.00473533
IET,0.0180515,0.824684
DET,0.000335004,0.800122
FAR,1.48478,0.000335004
FRR,-0.433962,0.00482355
IET,0.0183031,0.824643
DET,0.000344409,0.798825
FAR,1.47735,0.000344409
FRR,-0.430806,0.00491341
IET,0.0185583,0.824602
DET,0.000354077,0.79717
FAR,1.46908,0.000354077
FRR,-0.427589,0.00500494
IET,0.0188169,0.82456
DET,0.000364017,0.79668
FAR,1.4666,0.000364017
FRR,-0.424313,0.00509818
IET,0.0190792,0.824517
DET,0.000374237,0.796177
FAR,1.46406,0.000374237
FRR,-0.420975,0.00519315
IET,0.0193452,0.824474
DET,0.000384743,0.79566
FAR,1.46145,0.000384743
FRR,-0.417576,0.00528989
IET,0.0196149,0.824431
DET,0.000395544,0.795085
FAR,1.45838,0.000395544
FRR,-0.414114,0.00538844
IET,0.0198883,0.824386
DET,0.000406648,0.794447
FAR,1.45482,0.000406648
FRR,-0.410587,0.00548882
IET,0.0201655,0.824341
DET,0.000418064,0.790604
FAR,1.44733,0.000418064
FRR,-0.406993,0.00559107
IET,0.0204466,0.824296
DET,0.0004298,0.790139
FAR,1.44478,0.0004298
FRR,-0.403334,0.00569523
IET,0.0207316,0.82425
DET,0.000441866,0.789677
FAR,1.44216,0.000441866
FRR,-0.400636,0.00580132
IET,0.0210206,0.824203
DET,0.000454271,0.786765
FAR,1.43938,0.000454271
FRR,-0.3998,0.00590939
IET,0.0213136,0.824093
DET,0.000467023,0.786607
FAR,1.43523,0.000467023
FRR,-0.398948,0.00601948
IET,0.0216107,0.823901
DET,0.000480134,0.786466
FAR,1.43095,0.000480134
FRR,-0.39808,0.00613162
IET,0.021912,0.823705
DET,0.000493613,0.786321
FAR,1.42655,0.000493613
FRR,-0.397196,0.00624585
IET,0.0222174,0.823507
DET,0.00050747,0.786171
FAR,1.42203,0.00050747
FRR,-0.396296,0.0063622
IET,0.0225271,0.823307
DET,0.000521717,0.786018
FAR,1.41739,0.000521717
FRR,-0.395379,0.00648072
IET,0.0228411,0.823103
DET,0.000536363,0.78586
FAR,1.41261,0.000536363
FRR,-0.394445,0.00660145
IET,0.0231595,0.822897
DET,0.000551421,0.785366
FAR,1.40867,0.000551421
FRR,-0.393493,0.00672443
IET,0.0234823,0.822687
DET,0.000566901,0.784545
FAR,1.40554,0.000566901
FRR,-0.392524,0.0068497
IET,0.0238097,0.822475
DET,0.000582815,0.783757
FAR,1.40121,0.000582815
FRR,-0.391537,0.0069773
IET,0.0241416,0.82226
DET,0.000599177,0.783193
FAR,1.39191,0.000599177
FRR,-0.390531,0.00710728
IET,0.0244781,0.822042
DET,0.000615998,0.781465
FAR,1.38466,0.000615998
FRR,-0.389506,0.00723968
IET,0.0248193,0.82182
DET,0.000633291,0.779142
FAR,1.38028,0.000633291
FRR,-0.388463,0.00737455
IET,0.0251653,0.821596
DET,0.000651069,0.778023
FAR,1.37691,0.000651069
FRR,-0.3874,0.00751193
IET,0.0255161,0.820471
DET,0.000669347,0.777832
FAR,1.37419,0.000669347
FRR,-0.386317,0.00765187
IET,0.0258717,0.816781
DET,0.000688138,0.777636
FAR,1.37139,0.000688138
FRR,-0.385423,0.00779442
IET,0.0262324,0.81304
DET,0.000707456,0.777434
FAR,1.36851,0.000707456
FRR,-0.384577,0.00793962
IET,0.026598,0.809247
DET,0.000727316,0.777227
FAR,1.36554,0.000727316
FRR,-0.383716,0.00808753
IET,0.0269688,0.8054
DET,0.000747734,0.776684
FAR,1.36177,0.000747734
FRR,-0.382838,0.00823819
IET,0.0273447,0.801501
DET,0.000768726,0.775509
FAR,1.35764,0.000768726
FRR,-0.381943,0.00839166
IET,0.0277259,0.797547
DET,0.000790306,0.774646
FAR,1.35182,0.000790306
FRR,-0.381033,0.00854799
IET,0.0281124,0.793537
DET,0.000812493,0.774053
FAR,1.34671,0.000812493
FRR,-0.380105,0.00870723
IET,0.0285043,0.789472
DET,0.000835302,0.773576
FAR,1.34316,0.000835302
FRR,-0.37916,0.00886943
IET,0.0289016,0.785351
DET,0.000858752,0.773087
FAR,1.33951,0.000858752
FRR,-0.378198,0.00903466
IET,0.0293045,0.781171
DET,0.00088286,0.772583
FAR,1.33575,0.00088286
FRR,-0.377218,0.00920296
IET,0.029713,0.777464
DET,0.000907645,0.770939
FAR,1.33046,0.000907645
FRR,-0.376219,0.00937441
IET,0.0301271,0.777397
DET,0.000933125,0.770342
FAR,1.32558,0.000933125
FRR,-0.375201,0.00954905
IET,0.0305471,0.777329
DET,0.000959321,0.770201
FAR,1.32234,0.000959321
FRR,-0.372566,0.00972694
IET,0.0309729,0.77726
DET,0.000986252,0.770056
FAR,1.319,0.000986252
FRR,-0.369113,0.00990814
IET,0.0314046,0.77719
DET,0.00101394,0.769906
FAR,1.31557,0.00101394
FRR,-0.365596,0.0100927
IET,0.0318424,0.777119
DET,0.0010424,0.769753
FAR,1.31204,0.0010424
FRR,-0.362013,0.0102807
IET,0.0322863,0.777047
DET,0.00107167,0.769596
FAR,1.30841,0.00107167
FRR,-0.358364,0.0104723
IET,0.0327363,0.776974
DET,0.00110175,0.76848
FAR,1.30425,0.00110175
FRR,-0.356039,0.0106673
IET,0.0331927,0.7769
DET,0.00113268,0.767973
FAR,1.29981,0.00113268
FRR,-0.355004,0.0108661
IET,0.0336553,0.776825
DET,0.00116448,0.766466
FAR,1.29484,0.00116448
FRR,-0.35395,0.0110685
IET,0.0341245,0.776749
DET,0.00119717,0.765233
FAR,1.2872,0.00119717
FRR,-0.352876,0.0112747
IET,0.0346002,0.776672
DET,0.00123078,0.763554
FAR,1.28173,0.00123078
FRR,-0.351783,0.0114847
IET,0.0350825,0.776594
DET,0.00126533,0.762446
FAR,1.27937,0.00126533
FRR,-0.350669,0.0116987
IET,0.0355715,0.776515
DET,0.00130085,0.761222
FAR,1.27545,0.00130085
FRR,-0.349534,0.0119166
IET,0.0360674,0.776434
DET,0.00133737,0.759185
FAR,1.2722,0.00133737
FRR,-0.348378,0.0121386
IET,0.0365701,0.776353
DET,0.00137492,0.756833
FAR,1.26729,0.00137492
FRR,-0.3472,0.0123647
IET,0.0370799,0.77627
DET,0.00141352,0.75513
FAR,1.26375,0.00141352
FRR,-0.34648,0.0125951
IET,0.0375967,0.776186
DET,0.0014532,0.753642
FAR,1.25804,0.0014532
FRR,-0.346309,0.0128297
IET,0.0381208,0.776101
DET,0.00149399,0.752712
FAR,1.25428,0.00149399
FRR,-0.346134,0.0130687
IET,0.0386522,0.776015
DET,0.00153593,0.751126
FAR,1.25111,0.00153593
FRR,-0.345956,0.0133122
IET,0.039191,0.775928
DET,0.00157905,0.750555
FAR,1.24655,0.00157905
FRR,-0.345424,0.0135602
IET,0.0397373,0.775839
DET,0.00162338,0.750048
FAR,1.24205,0.00162338
FRR,-0.344446,0.0138128
IET,0.0402912,0.77575
DET,0.00166896,0.749624
FAR,1.23765,0.00166896
FRR,-0.34345,0.0140701
IET,0.0408529,0.775658
DET,0.00171581,0.747222
FAR,1.23269,0.00171581
FRR,-0.342436,0.0143322
IET,0.0414223,0.775566
DET,0.00176398,0.7463
FAR,1.22852,0.00176398
FRR,-0.341746,0.0145992
IET,0.0419997,0.775473
DET,0.0018135,0.745201
FAR,1.22229,0.0018135
FRR,-0.341185,0.0148712
IET,0.0425852,0.775378
DET,0.00186441,0.742574
FAR,1.2182,0.00186441
FRR,-0.340613,0.0151482
IET,0.0431788,0.775281
DET,0.00191675,0.73859
FAR,1.21158,0.00191675
FRR,-0.340031,0.0154304
IET,0.0437807,0.775184
DET,0.00197056,0.73724
FAR,1.20687,0.00197056
FRR,-0.339438,0.0157178
IET,0.044391,0.775085
DET,0.00202588,0.736067
FAR,1.20186,0.00202588
FRR,-0.338834,0.0160106
IET,0.0450098,0.774985
DET,0.00208275,0.735524
FAR,1.19762,0.00208275
FRR,-0.338218,0.0163089
IET,0.0456372,0.774883
DET,0.00214122,0.735171
FAR,1.19359,0.00214122
FRR,-0.337592,0.0166127
IET,0.0462733,0.77478
DET,0.00220133,0.732915
FAR,1.18921,0.00220133
FRR,-0.336953,0.0169222
IET,0.0469183,0.774525
DET,0.00226313,0.732481
FAR,1.18501,0.00226313
FRR,-0.336303,0.0172375
IET,0.0475724,0.774101
DET,0.00232666,0.732034
FAR,1.18069,0.00232666
FRR,-0.333373,0.0175586
IET,0.0482355,0.773672
DET,0.00239198,0.73116
FAR,1.17722,0.00239198
FRR,-0.329925,0.0178857
IET,0.0489079,0.773236
DET,0.00245913,0.730216
FAR,1.17377,0.00245913
FRR,-0.326413,0.0182189
IET,0.0495896,0.772794
DET,0.00252817,0.729587
FAR,1.16898,0.00252817
FRR,-0.325524,0.0185583
IET,0.0502809,0.772345
DET,0.00259914,0.728778
FAR,1.16406,0.00259914
FRR,-0.324912,0.018904
IET,0.0509818,0.771847
DET,0.00267211,0.72686
FAR,1.1604,0.00267211
FRR,-0.323461,0.0192561
IET,0.0516924,0.771156
DET,0.00274712,0.724969
FAR,1.15786,0.00274712
FRR,-0.316056,0.0196149
IET,0.052413,0.770456
DET,0.00282424,0.722155
FAR,1.15422,0.00282424
FRR,-0.308514,0.0199803
IET,0.0531436,0.769745
DET,0.00290353,0.720623
FAR,1.15017,0.00290353
FRR,-0.303568,0.0203525
IET,0.0538844,0.769025
DET,0.00298504,0.719279
FAR,1.14671,0.00298504
FRR,-0.301522,0.0207316
IET,0.0546355,0.768294
DET,0.00306884,0.718764
FAR,1.14216,0.00306884
FRR,-0.299438,0.0211178
IET,0.0553971,0.767553
DET,0.00315499,0.717825
FAR,1.13681,0.00315499
FRR,-0.296249,0.0215112
IET,0.0561693,0.766802
DET,0.00324356,0.716993
FAR,1.13176,0.00324356
FRR,-0.292955,0.021912
IET,0.0569523,0.766041
DET,0.00333462,0.715392
FAR,1.12727,0.00333462
FRR,-0.291389,0.0223202
IET,0.0577461,0.765269
DET,0.00342823,0.714167
FAR,1.1234,0.00342823
FRR,-0.291261,0.022736
IET,0.0585511,0.764486
DET,0.00352447,0.712907
FAR,1.11941,0.00352447
FRR,-0.290304,0.0231595
IET,0.0593673,0.763296
DET,0.00362341,0.711255
FAR,1.11503,0.00362341
FRR,-0.286764,0.023591
IET,0.0601948,0.755248
DET,0.00372514,0.710033
FAR,1.11096,0.00372514
FRR,-0.283094,0.0240304
IET,0.0610339,0.747088
DET,0.00382971,0.708443
FAR,1.10731,0.00382971
FRR,-0.277509,0.0244781
IET,0.0618847,0.738814
DET,0.00393723,0.706808
FAR,1.10356,0.00393723
FRR,-0.271819,0.0249341
IET,0.0627473,0.730424
DET,0.00404776,0.705128
FAR,1.0997,0.00404776
FRR,-0.26912,0.0253986
IET,0.063622,0.722514
DET,0.00416139,0.70464
FAR,1.09288,0.00416139
FRR,-0.266684,0.0258717
IET,0.0645088,0.722322
DET,0.00427821,0.704167
FAR,1.08581,0.00427821
FRR,-0.254475,0.0263537
IET,0.0654081,0.722128
DET,0.00439832,0.702444
FAR,1.08196,0.00439832
FRR,-0.240498,0.0268447
IET,0.0663198,0.721931
DET,0.00452179,0.698853
FAR,1.07776,0.00452179
FRR,-0.220545,0.0273447
IET,0.0672443,0.721731
DET,0.00464873,0.697489
FAR,1.07331,0.00464873
FRR,-0.199532,0.0278541
IET,0.0681816,0.721529
DET,0.00477924,0.696088
FAR,1.06804,0.00477924
FRR,-0.197695,0.028373
IET,0.069132,0.721323
DET,0.00491341,0.695336
FAR,1.06179,0.00491341
FRR,-0.196181,0.0289016
IET,0.0700957,0.721115
DET,0.00505134,0.694152
FAR,1.05618,0.00505134
FRR,-0.195804,0.02944
IET,0.0710728,0.720904
DET,0.00519315,0.690733
FAR,1.04974,0.00519315
FRR,-0.195421,0.0299884
IET,0.0720635,0.72069
DET,0.00533894,0.688223
FAR,1.04498,0.00533894
FRR,-0.19503,0.0305471
IET,0.073068,0.720472
DET,0.00548882,0.683137
FAR,1.03895,0.00548882
FRR,-0.193734,0.0311162
IET,0.0740866,0.720252
DET,0.00564291,0.681402
FAR,1.03456,0.00564291
FRR,-0.191947,0.0316958
IET,0.0751193,0.720029
DET,0.00580132,0.678696
FAR,1.0293,0.00580132
FRR,-0.189764,0.0322863
IET,0.0761664,0.719803
DET,0.00596418,0.678132
FAR,1.02371,0.00596418
FRR,-0.187539,0.0328877
IET,0.0772281,0.711094
DET,0.00613162,0.677911
FAR,1.01881,0.00613162
FRR,-0.185271,0.0335004
IET,0.0783046,0.701323
DET,0.00630375,0.677682
FAR,1.01377,0.00630375
FRR,-0.182962,0.0341245
IET,0.0793962,0.691415
DET,0.00648072,0.677448
FAR,1.0086,0.00648072
FRR,-0.180102,0.0347602
IET,0.0805029,0.681369
DET,0.00666265,0.677144
FAR,1.00325,0.00666265
FRR,-0.175857,0.0354077
IET,0.0816251,0.680595
DET,0.00684969,0.676318
FAR,0.997557,0.00684969
FRR,-0.171556,0.0360674
IET,0.0827629,0.679857
DET,0.00704199,0.674074
FAR,0.991848,0.00704199
FRR,-0.167492,0.0367392
IET,0.0839166,0.679109
DET,0.00723968,0.67206
FAR,0.987194,0.00723968
FRR,-0.163936,0.0374237
IET,0.0850863,0.67824
DET,0.00744292,0.671534
FAR,0.982203,0.00744292
FRR,-0.1636,0.0381208
IET,0.0862724,0.677087
DET,0.00765187,0.668438
FAR,0.975657,0.00765187
FRR,-0.163463,0.038831
IET,0.0874749,0.675917
DET,0.00786668,0.665577
FAR,0.971327,0.00786668
FRR,-0.163324,0.0395544
IET,0.0886943,0.674731
DET,0.00808752,0.664576
FAR,0.96738,0.00808752
FRR,-0.163182,0.0402912
IET,0.0899306,0.673529
DET,0.00831457,0.662059
FAR,0.96276,0.00831457
FRR,-0.160897,0.0410418
IET,0.0911842,0.67231
DET,0.00854798,0.658474
FAR,0.956523,0.00854798
FRR,-0.155666,0.0418064
IET,0.0924553,0.671074
DET,0.00878795,0.654617
FAR,0.951752,0.00878795
FRR,-0.15032,0.0425852
IET,0.0937441,0.67016
DET,0.00903466,0.652088
FAR,0.946641,0.00903466
FRR,-0.147089,0.0433785
IET,0.0950508,0.669736
DET,0.00928829,0.651694
FAR,0.941812,0.00928829
FRR,-0.144079,0.0441866
IET,0.0963758,0.669307
DET,0.00954904,0.65123
FAR,0.936798,0.00954904
FRR,-0.137802,0.0450098
IET,0.0977192,0.668871
DET,0.00981712,0.649727
FAR,0.931137,0.00981712
FRR,-0.133463,0.0458482
IET,0.0990814,0.66843
DET,0.0100927,0.648419
FAR,0.925342,0.0100927
FRR,-0.12946,0.0467023
IET,0.100462,0.667982
DET,0.010376,0.6434
FAR,0.921014,0.010376
FRR,-0.124891,0.0475724
IET,0.101863,0.667474
DET,0.0106673,0.637453
FAR,0.915307,0.0106673
FRR,-0.122292,0.0484586
IET,0.103283,0.666553
DET,0.0109668,0.636532
FAR,0.910423,0.0109668
FRR,-0.122286,0.0493613
IET,0.104723,0.665619
DET,0.0112747,0.635177
FAR,0.905107,0.0112747
FRR,-0.122281,0.0502809
IET,0.106182,0.664673
DET,0.0115912,0.630567
FAR,0.900748,0.0115912
FRR,-0.122275,0.0512175
IET,0.107662,0.663713
DET,0.0119166,0.626128
FAR,0.896125,0.0119166
FRR,-0.122269,0.0521717
IET,0.109163,0.66274
DET,0.0122511,0.621555
FAR,0.88996,0.0122511
FRR,-0.122263,0.0531436
IET,0.110685,0.661754
DET,0.0125951,0.619161
FAR,0.885252,0.0125951
FRR,-0.120187,0.0541336
IET,0.112228,0.660753
DET,0.0129487,0.618687
FAR,0.880495,0.0129487
FRR,-0.112531,0.0551421
IET,0.113792,0.659739
DET,0.0133122,0.614514
FAR,0.876177,0.0133122
FRR,-0.105428,0.0561693
IET,0.115378,0.658711
DET,0.0136859,0.612924
FAR,0.87149,0.0136859
FRR,-0.10224,0.0572157
IET,0.116987,0.657668
DET,0.0140701,0.603821
FAR,0.865479,0.0140701
FRR,-0.0989935,0.0582815
IET,0.118617,0.656611
DET,0.0144651,0.602132
FAR,0.860001,0.0144651
FRR,-0.0939204,0.0593673
IET,0.120271,0.65589
DET,0.0148712,0.600276
FAR,0.855167,0.0148712
FRR,-0.0925467,0.0604732
IET,0.121947,0.655166
DET,0.0152886,0.599206
FAR,0.849744,0.0152886
FRR,-0.0884987,0.0615998
IET,0.123647,0.654431
DET,0.0157178,0.596304
FAR,0.845172,0.0157178
FRR,-0.0852326,0.0627473
IET,0.125371,0.653686
DET,0.0161591,0.593905
FAR,0.840954,0.0161591
FRR,-0.0822082,0.0639163
IET,0.127118,0.65293
DET,0.0166127,0.593049
FAR,0.835784,0.0166127
FRR,-0.0777871,0.0651069
IET,0.12889,0.652165
DET,0.0170791,0.592206
FAR,0.83042,0.0170791
FRR,-0.0759636,0.0663198
IET,0.130687,0.651388
DET,0.0175586,0.590687
FAR,0.825103,0.0175586
FRR,-0.0728024,0.0675553
IET,0.132509,0.650352
DET,0.0180515,0.587093
FAR,0.820316,0.0180515
FRR,-0.0643943,0.0688138
IET,0.134356,0.649154
DET,0.0185583,0.585328
FAR,0.815703,0.0185583
FRR,-0.0600851,0.0700957
IET,0.136229,0.648146
DET,0.0190792,0.584302
FAR,0.810946,0.0190792
FRR,-0.056448,0.0714015
IET,0.138128,0.64753
DET,0.0196148,0.582902
FAR,0.805509,0.0196148
FRR,-0.0545069,0.0727316
IET,0.140053,0.646906
DET,0.0201655,0.580429
FAR,0.799914,0.0201655
FRR,-0.051005,0.0740866
IET,0.142005,0.646273
DET,0.0207316,0.576969
FAR,0.794872,0.0207316
FRR,-0.04922,0.0754668
IET,0.143985,0.645631
DET,0.0213136,0.574122
FAR,0.789687,0.0213136
FRR,-0.0483293,0.0768726
IET,0.145992,0.645355
DET,0.021912,0.571508
FAR,0.78466,0.021912
FRR,-0.0363842,0.0783047
IET,0.148027,0.645091
DET,0.0225271,0.57009
FAR,0.779699,0.0225271
FRR,-0.032025,0.0797634
IET,0.15009,0.644823
DET,0.0231595,0.567833
FAR,0.774626,0.0231595
FRR,-0.0222696,0.0812493
IET,0.152182,0.644552
DET,0.0238097,0.564293
FAR,0.769289,0.0238097
FRR,-0.0196306,0.0827629
IET,0.154304,0.644277
DET,0.0244781,0.561535
FAR,0.764173,0.0244781
FRR,-0.0175095,0.0843047
IET,0.156455,0.643998
DET,0.0251653,0.560291
FAR,0.758757,0.0251653
FRR,-0.0163106,0.0858752
IET,0.158636,0.643715
DET,0.0258717,0.55663
FAR,0.75333,0.0258717
FRR,-0.0143984,0.087475
IET,0.160847,0.643429
DET,0.026598,0.555353
FAR,0.748366,0.026598
FRR,-0.0117359,0.0891046
IET,0.163089,0.643138
DET,0.0273447,0.553523
FAR,0.743101,0.0273447
FRR,-0.00952512,0.0907644
IET,0.165362,0.642845
DET,0.0281124,0.54942
FAR,0.738266,0.0281124
FRR,-0.00832996,0.0924553
IET,0.167668,0.642596
DET,0.0289016,0.546795
FAR,0.7333,0.0289016
FRR,-0.00697833,0.0941777
IET,0.170005,0.642344
DET,0.0297129,0.545681
FAR,0.728685,0.0297129
FRR,-0.00674161,0.0959321
IET,0.172374,0.642088
DET,0.0305471,0.541832
FAR,0.72384,0.0305471
FRR,-0.00666407,0.0977192
IET,0.174777,0.641828
DET,0.0314047,0.539719
FAR,0.718934,0.0314047
FRR,-0.00535887,0.0995396
IET,0.177214,0.641565
DET,0.0322863,0.539356
FAR,0.713665,0.0322863
FRR,-0.00252724,0.101394
IET,0.179684,0.641298
DET,0.0331926,0.538983
FAR,0.708247,0.0331926
FRR,-0.00234953,0.103283
IET,0.182188,0.641027
DET,0.0341245,0.536313
FAR,0.703374,0.0341245
FRR,-0.00216848,0.105207
IET,0.184728,0.640753
DET,0.0350825,0.529029
FAR,0.697689,0.0350825
FRR,0.000779301,0.107167
IET,0.187303,0.640475
DET,0.0360673,0.520535
FAR,0.692945,0.0360673
FRR,0.00990528,0.109163
IET,0.189914,0.640192
DET,0.0370799,0.518664
FAR,0.687459,0.0370799
FRR,0.0184534,0.111197
IET,0.192561,0.639194
DET,0.0381208,0.518134
FAR,0.682027,0.0381208
FRR,0.0276552,0.113268
IET,0.195245,0.637889
DET,0.039191,0.517322
FAR,0.676386,0.039191
FRR,0.0361107,0.115378
IET,0.197967,0.636565
DET,0.0402912,0.515946
FAR,0.670471,0.0402912
FRR,0.0419569,0.117528
IET,0.200727,0.635224
DET,0.0414223,0.514238
FAR,0.664494,0.0414223
FRR,0.0432856,0.119717
IET,0.203525,0.633863
DET,0.0425852,0.510898
FAR,0.658972,0.0425852
FRR,0.0459009,0.121947
IET,0.206362,0.632483
DET,0.0437807,0.506798
FAR,0.65305,0.0437807
FRR,0.049865,0.124219
IET,0.209238,0.631694
DET,0.0450097,0.501423
FAR,0.647609,0.0450097
FRR,0.0569269,0.126533
IET,0.212155,0.631379
DET,0.0462733,0.498193
FAR,0.642081,0.0462733
FRR,0.0696647,0.12889
IET,0.215112,0.631059
DET,0.0475724,0.493999
FAR,0.636289,0.0475724
FRR,0.0753338,0.131291
IET,0.218111,0.630735
DET,0.0489079,0.489356
FAR,0.630582,0.0489079
FRR,0.0793402,0.133737
IET,0.221151,0.630407
DET,0.0502809,0.486921
FAR,0.624934,0.0502809
FRR,0.0898117,0.136229
IET,0.224234,0.630074
DET,0.0516924,0.482161
FAR,0.619991,0.0516924
FRR,0.0931422,0.138766
IET,0.22736,0.629736
DET,0.0531436,0.481632
FAR,0.614605,0.0531436
FRR,0.0976764,0.141352
IET,0.230529,0.629393
DET,0.0546355,0.479807
FAR,0.608958,0.0546355
FRR,0.100679,0.143985
IET,0.233742,0.628897
DET,0.0561693,0.474139
FAR,0.603375,0.0561693
FRR,0.108875,0.146667
IET,0.237001,0.627841
DET,0.0577461,0.472464
FAR,0.598145,0.0577461
FRR,0.123434,0.149399
IET,0.240304,0.62677
DET,0.0593673,0.471943
FAR,0.592838,0.0593673
FRR,0.126514,0.152182
IET,0.243654,0.626144
DET,0.0610339,0.470522
FAR,0.587409,0.0610339
FRR,0.130114,0.155018
IET,0.24705,0.625777
DET,0.0627473,0.464755
FAR,0.582466,0.0627473
FRR,0.141259,0.157905
IET,0.250494,0.625404
DET,0.0645088,0.460791
FAR,0.577226,0.0645088
FRR,0.153037,0.160847
IET,0.253986,0.625027
DET,0.0663198,0.45892
FAR,0.571847,0.0663198
FRR,0.15533,0.163843
IET,0.257526,0.624645
DET,0.0681816,0.456602
FAR,0.566496,0.0681816
FRR,0.15583,0.166896
IET,0.261116,0.624257
DET,0.0700957,0.455092
FAR,0.561199,0.0700957
FRR,0.168234,0.170005
IET,0.264756,0.623863
DET,0.0720635,0.446923
FAR,0.555704,0.0720635
FRR,0.174566,0.173172
IET,0.268446,0.623505
DET,0.0740866,0.442992
FAR,0.549871,0.0740866
FRR,0.185541,0.176398
IET,0.272188,0.623202
DET,0.0761664,0.434152
FAR,0.543686,0.0761664
FRR,0.189437,0.179684
IET,0.275983,0.622894
DET,0.0783046,0.432715
FAR,0.538356,0.0783046
FRR,0.196091,0.183031
IET,0.27983,0.622582
DET,0.0805029,0.430075
FAR,0.532502,0.0805029
FRR,0.201843,0.186441
IET,0.28373,0.622266
DET,0.0827629,0.429439
FAR,0.52684,0.0827629
FRR,0.207783,0.189914
IET,0.287685,0.621946
DET,0.0850863,0.423568
FAR,0.521375,0.0850863
FRR,0.215735,0.193452
IET,0.291696,0.621621
DET,0.0874749,0.408842
FAR,0.515649,0.0874749
FRR,0.219353,0.197056
IET,0.295762,0.621291
DET,0.0899306,0.404998
FAR,0.509699,0.0899306
FRR,0.226566,0.200727
IET,0.299884,0.620957
DET,0.0924553,0.402549
FAR,0.503807,0.0924553
FRR,0.236183,0.204466
IET,0.304065,0.619836
DET,0.0950508,0.399596
FAR,0.498009,0.0950508
FRR,0.245378,0.208275
IET,0.308303,0.618462
DET,0.0977192,0.3981
FAR,0.492075,0.0977192
FRR,0.25019,0.212155
IET,0.312601,0.616006
DET,0.100462,0.388396
FAR,0.48622,0.100462
FRR,0.253104,0.216107
IET,0.316958,0.61507
DET,0.103283,0.386902
FAR,0.480622,0.103283
FRR,0.261413,0.220133
IET,0.321376,0.614661
DET,0.106182,0.380514
FAR,0.474945,0.106182
FRR,0.263362,0.224234
IET,0.325856,0.614246
DET,0.109163,0.376307
FAR,0.46884,0.109163
FRR,0.267948,0.228411
IET,0.330398,0.613825
DET,0.112228,0.371539
FAR,0.46276,0.112228
FRR,0.26872,0.232666
IET,0.335004,0.613398
DET,0.115378,0.369404
FAR,0.456568,0.115378
FRR,0.276317,0.237001
IET,0.339674,0.612966
DET,0.118617,0.36777
FAR,0.450559,0.118617
FRR,0.281381,0.241416
IET,0.344409,0.611867
DET,0.121947,0.366426
FAR,0.444615,0.121947
FRR,0.28237,0.245913
IET,0.349209,0.609728
DET,0.125371,0.36384
FAR,0.438356,0.125371
FRR,0.282548,0.250494
IET,0.354077,0.609277
DET,0.12889,0.36138
FAR,0.432105,0.12889
FRR,0.282725,0.255161
IET,0.359013,0.60882
DET,0.132509,0.350924
FAR,0.425671,0.132509
FRR,0.289934,0.259914
IET,0.364017,0.608356
DET,0.136229,0.348927
FAR,0.419686,0.136229
FRR,0.302253,0.264756
IET,0.369092,0.607886
DET,0.140053,0.340927
FAR,0.413487,0.140053
FRR,0.312082,0.269688
IET,0.374237,0.60741
DET,0.143985,0.333862
FAR,0.407087,0.143985
FRR,0.320227,0.274712
IET,0.379453,0.606638
DET,0.148027,0.330795
FAR,0.401283,0.148027
FRR,0.330088,0.27983
IET,0.384743,0.605495
DET,0.152182,0.327047
FAR,0.395216,0.152182
FRR,0.341084,0.285043
IET,0.390106,0.604306
DET,0.156455,0.324048
FAR,0.38871,0.156455
FRR,0.344933,0.290353
IET,0.395544,0.602544
DET,0.160847,0.31811
FAR,0.382093,0.160847
FRR,0.363873,0.295762
IET,0.401057,0.599864
DET,0.165362,0.308835
FAR,0.375771,0.165362
FRR,0.372252,0.301271
IET,0.406648,0.598236
DET,0.170005,0.299487
FAR,0.369239,0.170005
FRR,0.374294,0.306884
IET,0.412316,0.597317
DET,0.174777,0.295209
FAR,0.362848,0.174777
FRR,0.380007,0.312601
IET,0.418064,0.596385
DET,0.179684,0.292794
FAR,0.356048,0.179684
FRR,0.382213,0.318424
IET,0.423891,0.593301
DET,0.184728,0.292057
FAR,0.349474,0.184728
FRR,0.389686,0.324356
IET,0.4298,0.58947
DET,0.189914,0.288152
FAR,0.342819,0.189914
FRR,0.400518,0.330399
IET,0.435791,0.585586
DET,0.195246,0.282847
FAR,0.336567,0.195246
FRR,0.408504,0.336553
IET,0.441866,0.582032
DET,0.200727,0.280103
FAR,0.33038,0.200727
FRR,0.413889,0.342823
IET,0.448025,0.580036
DET,0.206362,0.27554
FAR,0.323481,0.206362
FRR,0.421601,0.34921
IET,0.454271,0.578564
DET,0.212155,0.272168
FAR,0.316372,0.212155
FRR,0.429848,0.355715
IET,0.460603,0.577196
DET,0.218111,0.268548
FAR,0.309311,0.218111
FRR,0.435303,0.362342
IET,0.467023,0.575808
DET,0.224234,0.264753
FAR,0.302249,0.224234
FRR,0.455442,0.369092
IET,0.473533,0.574401
DET,0.230529,0.261037
FAR,0.295428,0.230529
FRR,0.468428,0.375967
IET,0.480134,0.573275
DET,0.237,0.258361
FAR,0.288223,0.237
FRR,0.478115,0.382971
IET,0.486827,0.57219
DET,0.243654,0.239013
FAR,0.281009,0.243654
FRR,0.489052,0.390106
IET,0.493613,0.570887
DET,0.250494,0.236711
FAR,0.273849,0.250494
FRR,0.49191,0.397373
IET,0.500494,0.569103
DET,0.257526,0.226784
FAR,0.266411,0.257526
FRR,0.508701,0.404776
IET,0.50747,0.567293
DET,0.264756,0.218577
FAR,0.259026,0.264756
FRR,0.518347,0.412316
IET,0.514544,0.565786
DET,0.272188,0.213039
FAR,0.2517,0.272188
FRR,0.520348,0.419997
IET,0.521717,0.565204
DET,0.27983,0.207408
FAR,0.24425,0.27983
FRR,0.523996,0.427821
IET,0.528989,0.564615
DET,0.287685,0.204633
FAR,0.236416,0.287685
FRR,0.544322,0.435791
IET,0.536363,0.564017
DET,0.295761,0.201915
FAR,0.228588,0.295761
FRR,0.551219,0.44391
IET,0.54384,0.563411
DET,0.304065,0.198515
FAR,0.220594,0.304065
FRR,0.557081,0.452179
IET,0.551421,0.560068
DET,0.312601,0.192701
FAR,0.212683,0.312601
FRR,0.576679,0.460603
IET,0.559107,0.55704
DET,0.321376,0.188405
FAR,0.204414,0.321376
FRR,0.584684,0.469184
IET,0.566901,0.555777
DET,0.330398,0.183081
FAR,0.196212,0.330398
FRR,0.607553,0.477924
IET,0.574803,0.554047
DET,0.339674,0.179019
FAR,0.188142,0.339674
FRR,0.624849,0.486827
IET,0.582815,0.551984
DET,0.349209,0.174692
FAR,0.179419,0.349209
FRR,0.640864,0.495896
IET,0.59094,0.551232
DET,0.359013,0.171527
FAR,0.170438,0.359013
FRR,0.651457,0.505134
IET,0.599177,0.550469
DET,0.369091,0.168119
FAR,0.161508,0.369091
FRR,0.66555,0.514544
IET,0.607529,0.549695
DET,0.379453,0.160792
FAR,0.152842,0.379453
FRR,0.695942,0.52413
IET,0.615998,0.546531
DET,0.390106,0.158248
FAR,0.143807,0.390106
FRR,0.702365,0.533894
IET,0.624584,0.545604
DET,0.401057,0.156934
FAR,0.134581,0.401057
FRR,0.726496,0.54384
IET,0.633291,0.544663
DET,0.412316,0.150377
FAR,0.125183,0.412316
FRR,0.74438,0.553971
IET,0.642118,0.543874
DET,0.423891,0.147477
FAR,0.115857,0.423891
FRR,0.769287,0.564291
IET,0.651069,0.543551
DET,0.435791,0.14626
FAR,0.106114,0.435791
FRR,0.79056,0.574803
IET,0.660145,0.543224
DET,0.448025,0.140588
FAR,0.0961372,0.448025
FRR,0.816551,0.585511
IET,0.669347,0.542893
DET,0.460603,0.135727
FAR,0.0859882,0.460603
FRR,0.845448,0.596418
IET,0.678677,0.542557
DET,0.473533,0.13147
FAR,0.0757998,0.473533
FRR,0.871164,0.607529
IET,0.688138,0.542216
DET,0.486827,0.128197
FAR,0.0655028,0.486827
FRR,0.882101,0.618847
IET,0.69773,0.541871
DET,0.500494,0.126225
FAR,0.0546806,0.500494
FRR,0.900398,0.630375
IET,0.707456,0.54152
DET,0.514544,0.12044
FAR,0.0440193,0.514544
FRR,0.917595,0.642119
IET,0.717318,0.541137
DET,0.528989,0.114615
FAR,0.0330621,0.528989
FRR,0.951388,0.654081
IET,0.727316,0.540548
DET,0.54384,0.111809
FAR,0.0214163,0.54384
FRR,0.972077,0.666265
IET,0.737455,0.53995
DET,0.559107,0.109123
FAR,0.0097307,0.559107
FRR,1.02914,0.678677
IET,0.747734,0.539344
DET,0.574803,0.103676
FAR,-0.00231248,0.574803
FRR,1.05075,0.691321
IET,0.758158,0.53873
DET,0.59094,0.0873429
FAR,-0.0146613,0.59094
FRR,1.08629,0.704199
IET,0.768726,0.537162
DET,0.607529,0.0802332
FAR,-0.0275804,0.607529
FRR,1.13391,0.717318
IET,0.779441,0.525295
DET,0.624584,0.0774325
FAR,-0.0412184,0.624584
FRR,1.17547,0.730681
IET,0.790306,0.522425
DET,0.642119,0.0724233
FAR,-0.0553258,0.642119
FRR,1.22074,0.744292
IET,0.801323,0.505259
DET,0.660145,0.0682632
FAR,-0.0697597,0.660145
FRR,1.27006,0.758158
IET,0.812493,0.504702
DET,0.678677,0.0628088
FAR,-0.0850579,0.678677
FRR,1.33385,0.772282
IET,0.823819,0.504138
DET,0.697729,0.0575464
FAR,-0.101233,0.697729
FRR,1.43708,0.786668
IET,0.835302,0.503565
DET,0.717318,0.0544652
FAR,-0.118161,0.717318
FRR,1.49087,0.801323
IET,0.846946,0.502984
DET,0.737455,0.0452632
FAR,-0.136205,0.737455
FRR,1.53106,0.816251
IET,0.858752,0.501985
DET,0.758157,0.0418496
FAR,-0.155289,0.758157
FRR,1.55818,0.831457
IET,0.870722,0.500691
DET,0.779441,0.0354659
FAR,-0.175476,0.779441
FRR,1.62426,0.846946
IET,0.88286,0.498139
DET,0.801323,0.0282317
FAR,-0.198157,0.801323
FRR,1.72378,0.862724
IET,0.895167,0.493793
DET,0.823819,0.0272741
FAR,-0.223459,0.823819
FRR,1.81782,0.878795
IET,0.907645,0.48974
DET,0.846946,0.0265021
FAR,-0.250249,0.846946
FRR,1.9253,0.895167
IET,0.920296,0.482699
DET,0.870722,0.0242903
FAR,-0.279852,0.870722
FRR,2.05651,0.911843
IET,0.933125,0.480471
DET,0.895167,0.0196402
FAR,-0.315533,0.895167
FRR,2.26155,0.92883
IET,0.946132,0.477138
DET,0.920296,0.0105175
FAR,-0.357502,0.920296
FRR,2.26155,0.946132
IET,0.959321,0.474726
DET,0.946132,0.0052951
FAR,-0.417394,0.946132
FRR,2.26155,0.963758
IET,0.972693,0.465507
DET,0.972693,0.00221997
FAR,-0.500743,0.972693
FRR,2.26155,0.981712
IET,0.986252,0.446399
DET,1,0.00192124
FAR,-0.513108,1
FRR,2.26155,1
IET,1,0.428571
TF,0.000001,0.013
TF,0.000010,0.092
TF,0.000100,0.134
TF,0.001000,0.230
TF,0.010000,0.351
TF,0.100000,0.611
FT,0.40,0.015
FT,0.50,0.045
FT,0.65,0.133
FT,0.75,0.242
FT,0.85,0.413
FT,0.95,0.722
CT,1,0.385
CT,5,0.519
CT,10,0.563
CT,20,0.626
CT,50,0.706
CT,100,0.838
BC,0.001,0.230
BC,0.01,0.351
SD,5.00869,Genuine
SD,2.26155,Impostor
SD,4.27265,Genuine
SD,1.20499,Impostor
SD,4.01497,Genuine
SD,1.10076,Impostor
SD,4.01497,Genuine
SD,1.02248,Impostor
SD,3.85895,Genuine
SD,0.967933,Impostor
SD,3.85895,Genuine
SD,0.927196,Impostor
SD,3.65165,Genuine
SD,0.893547,Impostor
SD,3.52841,Genuine
SD,0.865997,Impostor
SD,3.28093,Genuine
SD,0.842043,Impostor
SD,3.06848,Genuine
SD,0.82042,Impostor
SD,3.01776,Genuine
SD,0.801076,Impostor
SD,2.88162,Genuine
SD,0.783191,Impostor
SD,2.79626,Genuine
SD,0.767408,Impostor
SD,2.7386,Genuine
SD,0.751886,Impostor
SD,2.72525,Genuine
SD,0.738648,Impostor
SD,2.69525,Genuine
SD,0.726531,Impostor
SD,2.67514,Genuine
SD,0.715137,Impostor
SD,2.67514,Genuine
SD,0.703718,Impostor
SD,2.66845,Genuine
SD,0.69296,Impostor
SD,2.58971,Genuine
SD,0.682586,Impostor
SD,2.57011,Genuine
SD,0.671677,Impostor
SD,2.52561,Genuine
SD,0.661425,Impostor
SD,2.50613,Genuine
SD,0.65197,Impostor
SD,2.45251,Genuine
SD,0.642886,Impostor
SD,2.45251,Genuine
SD,0.634086,Impostor
SD,2.45251,Genuine
SD,0.625679,Impostor
SD,2.45251,Genuine
SD,0.618349,Impostor
SD,2.39028,Genuine
SD,0.610987,Impostor
SD,2.38679,Genuine
SD,0.603586,Impostor
SD,2.38036,Genuine
SD,0.597197,Impostor
SD,2.37515,Genuine
SD,0.590338,Impostor
SD,2.37515,Genuine
SD,0.584378,Impostor
SD,2.37515,Genuine
SD,0.578376,Impostor
SD,2.34781,Genuine
SD,0.572475,Impostor
SD,2.33468,Genuine
SD,0.566774,Impostor
SD,2.30868,Genuine
SD,0.561037,Impostor
SD,2.26358,Genuine
SD,0.555492,Impostor
SD,2.26358,Genuine
SD,0.549471,Impostor
SD,2.23668,Genuine
SD,0.543662,Impostor
SD,2.22675,Genuine
SD,0.538927,Impostor
SD,2.19791,Genuine
SD,0.533299,Impostor
SD,2.15368,Genuine
SD,0.528046,Impostor
SD,2.11334,Genuine
SD,0.523714,Impostor
SD,2.0779,Genuine
SD,0.518664,Impostor
SD,2.04992,Genuine
SD,0.513843,Impostor
SD,2.04587,Genuine
SD,0.509216,Impostor
SD,2.04587,Genuine
SD,0.504521,Impostor
SD,2.0439,Genuine
SD,0.499693,Impostor
SD,1.99783,Genuine
SD,0.495535,Impostor
SD,1.98082,Genuine
SD,0.491077,Impostor
SD,1.96541,Genuine
SD,0.486645,Impostor
SD,1.93623,Genuine
SD,0.482646,Impostor
SD,1.93058,Genuine
SD,0.478739,Impostor
SD,1.88692,Genuine
SD,0.474875,Impostor
SD,1.87344,Genuine
SD,0.470885,Impostor
SD,1.87322,Genuine
SD,0.466631,Impostor
SD,1.84995,Genuine
SD,0.462655,Impostor
SD,1.83305,Genuine
SD,0.45894,Impostor
SD,1.83305,Genuine
SD,0.454772,Impostor
SD,1.82531,Genuine
SD,0.451236,Impostor
SD,1.81995,Genuine
SD,0.447639,Impostor
SD,1.81516,Genuine
SD,0.444149,Impostor
SD,1.80553,Genuine
SD,0.440389,Impostor
SD,1.78489,Genuine
SD,0.436514,Impostor
SD,1.75999,Genuine
SD,0.433314,Impostor
SD,1.73874,Genuine
SD,0.429803,Impostor
SD,1.73223,Genuine
SD,0.426126,Impostor
SD,1.73223,Genuine
SD,0.422847,Impostor
SD,1.72722,Genuine
SD,0.419621,Impostor
SD,1.72722,Genuine
SD,0.416341,Impostor
SD,1.72182,Genuine
SD,0.413154,Impostor
SD,1.7164,Genuine
SD,0.409923,Impostor
SD,1.69733,Genuine
SD,0.406603,Impostor
SD,1.69437,Genuine
SD,0.403678,Impostor
SD,1.67168,Genuine
SD,0.400876,Impostor
SD,1.65704,Genuine
SD,0.397989,Impostor
SD,1.62869,Genuine
SD,0.395082,Impostor
SD,1.61183,Genuine
SD,0.392134,Impostor
SD,1.59731,Genuine
SD,0.388843,Impostor
SD,1.59391,Genuine
SD,0.385697,Impostor
SD,1.57659,Genuine
SD,0.382818,Impostor
SD,1.56703,Genuine
SD,0.380021,Impostor
SD,1.56474,Genuine
SD,0.37718,Impostor
SD,1.56474,Genuine
SD,0.374411,Impostor
SD,1.56285,Genuine
SD,0.371571,Impostor
SD,1.55591,Genuine
SD,0.368813,Impostor
SD,1.55296,Genuine
SD,0.366149,Impostor
SD,1.5433,Genuine
SD,0.363326,Impostor
SD,1.53763,Genuine
SD,0.360781,Impostor
SD,1.53682,Genuine
SD,0.357788,Impostor
SD,1.53372,Genuine
SD,0.355122,Impostor
SD,1.5297,Genuine
SD,0.352328,Impostor
SD,1.5297,Genuine
SD,0.349811,Impostor
SD,1.5297,Genuine
SD,0.347391,Impostor
SD,1.51642,Genuine
SD,0.344882,Impostor
SD,1.51383,Genuine
SD,0.342207,Impostor
SD,1.50068,Genuine
SD,0.339821,Impostor
SD,1.49978,Genuine
SD,0.337409,Impostor
SD,1.4944,Genuine
SD,0.335038,Impostor
SD,1.4926,Genuine
SD,0.332764,Impostor
SD,1.47417,Genuine
SD,0.330714,Impostor
SD,1.46979,Genuine
SD,0.328568,Impostor
SD,1.46008,Genuine
SD,0.325837,Impostor
SD,1.45088,Genuine
SD,0.32342,Impostor
SD,1.44852,Genuine
SD,0.320834,Impostor
SD,1.44187,Genuine
SD,0.318438,Impostor
SD,1.43936,Genuine
SD,0.316044,Impostor
SD,1.40293,Genuine
SD,0.313764,Impostor
SD,1.38709,Genuine
SD,0.31131,Impostor
SD,1.38222,Genuine
SD,0.308832,Impostor
SD,1.37798,Genuine
SD,0.306529,Impostor
SD,1.36427,Genuine
SD,0.304372,Impostor
SD,1.35705,Genuine
SD,0.302101,Impostor
SD,1.3339,Genuine
SD,0.299702,Impostor
SD,1.33312,Genuine
SD,0.297771,Impostor
SD,1.30511,Genuine
SD,0.295507,Impostor
SD,1.29595,Genuine
SD,0.293346,Impostor
SD,1.28959,Genuine
SD,0.291053,Impostor
SD,1.28196,Genuine
SD,0.288808,Impostor
SD,1.27412,Genuine
SD,0.286571,Impostor
SD,1.26556,Genuine
SD,0.284506,Impostor
SD,1.26556,Genuine
SD,0.28232,Impostor
SD,1.26357,Genuine
SD,0.280227,Impostor
SD,1.25548,Genuine
SD,0.278031,Impostor
SD,1.2517,Genuine
SD,0.275868,Impostor
SD,1.23408,Genuine
SD,0.273793,Impostor
SD,1.23327,Genuine
SD,0.271816,Impostor
SD,1.22269,Genuine
SD,0.269581,Impostor
SD,1.21941,Genuine
SD,0.267483,Impostor
SD,1.21181,Genuine
SD,0.265366,Impostor
SD,1.21181,Genuine
SD,0.263298,Impostor
SD,1.20412,Genuine
SD,0.26116,Impostor
SD,1.19016,Genuine
SD,0.259308,Impostor
SD,1.18954,Genuine
SD,0.257439,Impostor
SD,1.17323,Genuine
SD,0.255438,Impostor
SD,1.16472,Genuine
SD,0.25329,Impostor
SD,1.16084,Genuine
SD,0.251373,Impostor
SD,1.15697,Genuine
SD,0.249487,Impostor
SD,1.15514,Genuine
SD,0.247568,Impostor
SD,1.15124,Genuine
SD,0.245474,Impostor
SD,1.14866,Genuine
SD,0.243597,Impostor
SD,1.13565,Genuine
SD,0.241551,Impostor
SD,1.12812,Genuine
SD,0.239702,Impostor
SD,1.119,Genuine
SD,0.237609,Impostor
SD,1.11284,Genuine
SD,0.235493,Impostor
SD,1.09961,Genuine
SD,0.233609,Impostor
SD,1.09961,Genuine
SD,0.231712,Impostor
SD,1.09961,Genuine
SD,0.229753,Impostor
SD,1.08339,Genuine
SD,0.227872,Impostor
SD,1.08044,Genuine
SD,0.225914,Impostor
SD,1.08044,Genuine
SD,0.223963,Impostor
SD,1.07129,Genuine
SD,0.221943,Impostor
SD,1.06256,Genuine
SD,0.220254,Impostor
SD,1.05393,Genuine
SD,0.218328,Impostor
SD,1.0513,Genuine
SD,0.216366,Impostor
SD,1.04774,Genuine
SD,0.214505,Impostor
SD,1.04023,Genuine
SD,0.212711,Impostor
SD,1.04023,Genuine
SD,0.210908,Impostor
SD,1.03885,Genuine
SD,0.208862,Impostor
SD,1.03346,Genuine
SD,0.206885,Impostor
SD,1.03317,Genuine
SD,0.205134,Impostor
SD,1.00387,Genuine
SD,0.203198,Impostor
SD,0.996203,Genuine
SD,0.201333,Impostor
SD,0.991188,Genuine
SD,0.199473,Impostor
SD,0.981598,Genuine
SD,0.197624,Impostor
SD,0.976208,Genuine
SD,0.195996,Impostor
SD,0.972668,Genuine
SD,0.194329,Impostor
SD,0.964262,Genuine
SD,0.192626,Impostor
SD,0.960919,Genuine
SD,0.190816,Impostor
SD,0.960919,Genuine
SD,0.189199,Impostor
SD,0.959642,Genuine
SD,0.187222,Impostor
SD,0.953504,Genuine
SD,0.185607,Impostor
SD,0.952018,Genuine
SD,0.183656,Impostor
SD,0.950146,Genuine
SD,0.181842,Impostor
SD,0.936939,Genuine
SD,0.179875,Impostor
SD,0.928955,Genuine
SD,0.178119,Impostor
SD,0.925138,Genuine
SD,0.176283,Impostor
SD,0.922817,Genuine
SD,0.174408,Impostor
SD,0.92186,Genuine
SD,0.172513,Impostor
SD,0.916695,Genuine
SD,0.170718,Impostor
SD,0.916695,Genuine
SD,0.16889,Impostor
SD,0.913323,Genuine
SD,0.166941,Impostor
SD,0.903522,Genuine
SD,0.165235,Impostor
SD,0.903522,Genuine
SD,0.163378,Impostor
SD,0.900011,Genuine
SD,0.16173,Impostor
SD,0.897926,Genuine
SD,0.16016,Impostor
SD,0.897437,Genuine
SD,0.158528,Impostor
SD,0.895002,Genuine
SD,0.156758,Impostor
SD,0.894204,Genuine
SD,0.155061,Impostor
SD,0.889787,Genuine
SD,0.153425,Impostor
SD,0.889621,Genuine
SD,0.151762,Impostor
SD,0.877761,Genuine
SD,0.150095,Impostor
SD,0.877044,Genuine
SD,0.148256,Impostor
SD,0.871344,Genuine
SD,0.146621,Impostor
SD,0.87115,Genuine
SD,0.145002,Impostor
SD,0.87115,Genuine
SD,0.143254,Impostor
SD,0.87115,Genuine
SD,0.141551,Impostor
SD,0.868319,Genuine
SD,0.139973,Impostor
SD,0.862281,Genuine
SD,0.138207,Impostor
SD,0.858417,Genuine
SD,0.13662,Impostor
SD,0.84997,Genuine
SD,0.134841,Impostor
SD,0.847978,Genuine
SD,0.133072,Impostor
SD,0.840593,Genuine
SD,0.131342,Impostor
SD,0.833033,Genuine
SD,0.129632,Impostor
SD,0.822754,Genuine
SD,0.128104,Impostor
SD,0.821477,Genuine
SD,0.126387,Impostor
SD,0.818701,Genuine
SD,0.124834,Impostor
SD,0.809793,Genuine
SD,0.123211,Impostor
SD,0.802646,Genuine
SD,0.1216,Impostor
SD,0.801826,Genuine
SD,0.120041,Impostor
SD,0.796882,Genuine
SD,0.118482,Impostor
SD,0.795689,Genuine
SD,0.116726,Impostor
SD,0.791335,Genuine
SD,0.11506,Impostor
SD,0.788874,Genuine
SD,0.11331,Impostor
SD,0.77814,Genuine
SD,0.111656,Impostor
SD,0.775445,Genuine
SD,0.110183,Impostor
SD,0.771045,Genuine
SD,0.108435,Impostor
SD,0.768313,Genuine
SD,0.106824,Impostor
SD,0.768313,Genuine
SD,0.105278,Impostor
SD,0.763301,Genuine
SD,0.103517,Impostor
SD,0.756867,Genuine
SD,0.101885,Impostor
SD,0.756088,Genuine
SD,0.100383,Impostor
SD,0.747991,Genuine
SD,0.0986641,Impostor
SD,0.742503,Genuine
SD,0.0970777,Impostor
SD,0.739544,Genuine
SD,0.0953958,Impostor
SD,0.738317,Genuine
SD,0.0937237,Impostor
SD,0.728472,Genuine
SD,0.0921438,Impostor
SD,0.72652,Genuine
SD,0.0906027,Impostor
SD,0.721058,Genuine
SD,0.0890908,Impostor
SD,0.721058,Genuine
SD,0.0875514,Impostor
SD,0.707113,Genuine
SD,0.0857951,Impostor
SD,0.703547,Genuine
SD,0.0841375,Impostor
SD,0.703051,Genuine
SD,0.0825673,Impostor
SD,0.701923,Genuine
SD,0.0809971,Impostor
SD,0.699566,Genuine
SD,0.0794771,Impostor
SD,0.697821,Genuine
SD,0.0778567,Impostor
SD,0.696408,Genuine
SD,0.0762736,Impostor
SD,0.695625,Genuine
SD,0.0747148,Impostor
SD,0.695625,Genuine
SD,0.0731268,Impostor
SD,0.693554,Genuine
SD,0.0716748,Impostor
SD,0.688149,Genuine
SD,0.0700236,Impostor
SD,0.67006,Genuine
SD,0.068468,Impostor
SD,0.663425,Genuine
SD,0.0668898,Impostor
SD,0.662586,Genuine
SD,0.065373,Impostor
SD,0.65633,Genuine
SD,0.0639177,Impostor
SD,0.655148,Genuine
SD,0.0623152,Impostor
SD,0.653439,Genuine
SD,0.0607774,Impostor
SD,0.649761,Genuine
SD,0.0593351,Impostor
SD,0.649761,Genuine
SD,0.0575286,Impostor
SD,0.647613,Genuine
SD,0.0559616,Impostor
SD,0.642624,Genuine
SD,0.054168,Impostor
SD,0.64082,Genuine
SD,0.0526011,Impostor
SD,0.640524,Genuine
SD,0.0510989,Impostor
SD,0.632225,Genuine
SD,0.0495417,Impostor
SD,0.632225,Genuine
SD,0.0481787,Impostor
SD,0.629395,Genuine
SD,0.0466069,Impostor
SD,0.625034,Genuine
SD,0.0451079,Impostor
SD,0.620682,Genuine
SD,0.0436964,Impostor
SD,0.620682,Genuine
SD,0.0421052,Impostor
SD,0.610906,Genuine
SD,0.0407406,Impostor
SD,0.607607,Genuine
SD,0.0393468,Impostor
SD,0.607497,Genuine
SD,0.0377426,Impostor
SD,0.60434,Genuine
SD,0.0361466,Impostor
SD,0.599756,Genuine
SD,0.0346152,Impostor
SD,0.587946,Genuine
SD,0.0329576,Impostor
SD,0.584406,Genuine
SD,0.0314344,Impostor
SD,0.58303,Genuine
SD,0.0298772,Impostor
SD,0.58303,Genuine
SD,0.0282325,Impostor
SD,0.578345,Genuine
SD,0.026664,Impostor
SD,0.578113,Genuine
SD,0.0250938,Impostor
SD,0.572511,Genuine
SD,0.0234847,Impostor
SD,0.569466,Genuine
SD,0.0218741,Impostor
SD,0.562232,Genuine
SD,0.0203816,Impostor
SD,0.557368,Genuine
SD,0.0189523,Impostor
SD,0.556026,Genuine
SD,0.0174436,Impostor
SD,0.556026,Genuine
SD,0.0158734,Impostor
SD,0.555598,Genuine
SD,0.0142498,Impostor
SD,0.553084,Genuine
SD,0.012869,Impostor
SD,0.548345,Genuine
SD,0.0112503,Impostor
SD,0.547911,Genuine
SD,0.00984358,Impostor
SD,0.545682,Genuine
SD,0.00830092,Impostor
SD,0.544949,Genuine
SD,0.00682463,Impostor
SD,0.544015,Genuine
SD,0.00521236,Impostor
SD,0.539343,Genuine
SD,0.00351915,Impostor
SD,0.535709,Genuine
SD,0.00188746,Impostor
SD,0.526445,Genuine
SD,0.00041278,Impostor
SD,0.521959,Genuine
SD,-0.00109103,Impostor
SD,0.521726,Genuine
SD,-0.00252848,Impostor
SD,0.521067,Genuine
SD,-0.00413265,Impostor
SD,0.518291,Genuine
SD,-0.00575787,Impostor
SD,0.518291,Genuine
SD,-0.00730377,Impostor
SD,0.518291,Genuine
SD,-0.00886424,Impostor
SD,0.518291,Genuine
SD,-0.010313,Impostor
SD,0.518291,Genuine
SD,-0.0118783,Impostor
SD,0.518158,Genuine
SD,-0.0133514,Impostor
SD,0.518158,Genuine
SD,-0.0148504,Impostor
SD,0.511407,Genuine
SD,-0.0164966,Impostor
SD,0.511407,Genuine
SD,-0.0181704,Impostor
SD,0.503624,Genuine
SD,-0.0197568,Impostor
SD,0.499243,Genuine
SD,-0.0212557,Impostor
SD,0.492174,Genuine
SD,-0.0227385,Impostor
SD,0.491724,Genuine
SD,-0.0241161,Impostor
SD,0.490403,Genuine
SD,-0.0257461,Impostor
SD,0.490403,Genuine
SD,-0.0271447,Impostor
SD,0.488539,Genuine
SD,-0.0286502,Impostor
SD,0.488539,Genuine
SD,-0.0303207,Impostor
SD,0.481041,Genuine
SD,-0.0319848,Impostor
SD,0.47836,Genuine
SD,-0.0337427,Impostor
SD,0.478227,Genuine
SD,-0.035355,Impostor
SD,0.474608,Genuine
SD,-0.0369041,Impostor
SD,0.472434,Genuine
SD,-0.0386184,Impostor
SD,0.469148,Genuine
SD,-0.04031,Impostor
SD,0.466817,Genuine
SD,-0.0418494,Impostor
SD,0.463981,Genuine
SD,-0.0436235,Impostor
SD,0.458629,Genuine
SD,-0.0452229,Impostor
SD,0.451202,Genuine
SD,-0.0466716,Impostor
SD,0.442704,Genuine
SD,-0.0480702,Impostor
SD,0.44035,Genuine
SD,-0.0498751,Impostor
SD,0.434916,Genuine
SD,-0.0514227,Impostor
SD,0.431416,Genuine
SD,-0.0530187,Impostor
SD,0.43091,Genuine
SD,-0.0545177,Impostor
SD,0.43091,Genuine
SD,-0.0562773,Impostor
SD,0.427878,Genuine
SD,-0.0579656,Impostor
SD,0.426162,Genuine
SD,-0.0594872,Impostor
SD,0.425581,Genuine
SD,-0.0611319,Impostor
SD,0.418172,Genuine
SD,-0.0628607,Impostor
SD,0.417466,Genuine
SD,-0.0643483,Impostor
SD,0.413952,Genuine
SD,-0.0659331,Impostor
SD,0.41384,Genuine
SD,-0.0673883,Impostor
SD,0.413196,Genuine
SD,-0.0690961,Impostor
SD,0.409515,Genuine
SD,-0.0706728,Impostor
SD,0.408288,Genuine
SD,-0.0721733,Impostor
SD,0.407352,Genuine
SD,-0.0739394,Impostor
SD,0.40617,Genuine
SD,-0.075529,Impostor
SD,0.400536,Genuine
SD,-0.0771931,Impostor
SD,0.39959,Genuine
SD,-0.0790449,Impostor
SD,0.391552,Genuine
SD,-0.0806604,Impostor
SD,0.390737,Genuine
SD,-0.0822354,Impostor
SD,0.385583,Genuine
SD,-0.0838752,Impostor
SD,0.384246,Genuine
SD,-0.0857319,Impostor
SD,0.382402,Genuine
SD,-0.0873847,Impostor
SD,0.380944,Genuine
SD,-0.0890536,Impostor
SD,0.380944,Genuine
SD,-0.0906416,Impostor
SD,0.380385,Genuine
SD,-0.0923688,Impostor
SD,0.379086,Genuine
SD,-0.0941818,Impostor
SD,0.374469,Genuine
SD,-0.095786,Impostor
SD,0.373161,Genuine
SD,-0.0974695,Impostor
SD,0.373161,Genuine
SD,-0.0992938,Impostor
SD,0.372896,Genuine
SD,-0.100945,Impostor
SD,0.370445,Genuine
SD,-0.102808,Impostor
SD,0.365292,Genuine
SD,-0.104369,Impostor
SD,0.364072,Genuine
SD,-0.106152,Impostor
SD,0.362293,Genuine
SD,-0.107778,Impostor
SD,0.357776,Genuine
SD,-0.109497,Impostor
SD,0.348223,Genuine
SD,-0.111219,Impostor
SD,0.341398,Genuine
SD,-0.112971,Impostor
SD,0.341398,Genuine
SD,-0.114649,Impostor
SD,0.340239,Genuine
SD,-0.116464,Impostor
SD,0.330802,Genuine
SD,-0.118303,Impostor
SD,0.330802,Genuine
SD,-0.119986,Impostor
SD,0.327707,Genuine
SD,-0.12183,Impostor
SD,0.32411,Genuine
SD,-0.123539,Impostor
SD,0.320246,Genuine
SD,-0.125462,Impostor
SD,0.318124,Genuine
SD,-0.127453,Impostor
SD,0.314893,Genuine
SD,-0.129043,Impostor
SD,0.31194,Genuine
SD,-0.13084,Impostor
SD,0.30412,Genuine
SD,-0.132564,Impostor
SD,0.302865,Genuine
SD,-0.134264,Impostor
SD,0.299689,Genuine
SD,-0.136167,Impostor
SD,0.290926,Genuine
SD,-0.137915,Impostor
SD,0.288436,Genuine
SD,-0.139738,Impostor
SD,0.282775,Genuine
SD,-0.141643,Impostor
SD,0.282374,Genuine
SD,-0.143531,Impostor
SD,0.282374,Genuine
SD,-0.145297,Impostor
SD,0.282374,Genuine
SD,-0.147197,Impostor
SD,0.282374,Genuine
SD,-0.148942,Impostor
SD,0.282374,Genuine
SD,-0.150826,Impostor
SD,0.281582,Genuine
SD,-0.152758,Impostor
SD,0.281255,Genuine
SD,-0.154721,Impostor
SD,0.281255,Genuine
SD,-0.156594,Impostor
SD,0.281255,Genuine
SD,-0.158546,Impostor
SD,0.270437,Genuine
SD,-0.160408,Impostor
SD,0.268627,Genuine
SD,-0.162284,Impostor
SD,0.268627,Genuine
SD,-0.164035,Impostor
SD,0.267943,Genuine
SD,-0.165874,Impostor
SD,0.267943,Genuine
SD,-0.168043,Impostor
SD,0.264605,Genuine
SD,-0.169821,Impostor
SD,0.264265,Genuine
SD,-0.171826,Impostor
SD,0.26218,Genuine
SD,-0.173842,Impostor
SD,0.261936,Genuine
SD,-0.175585,Impostor
SD,0.260694,Genuine
SD,-0.177456,Impostor
SD,0.253463,Genuine
SD,-0.179472,Impostor
SD,0.252071,Genuine
SD,-0.181421,Impostor
SD,0.24879,Genuine
SD,-0.183715,Impostor
SD,0.246185,Genuine
SD,-0.185879,Impostor
SD,0.24561,Genuine
SD,-0.188024,Impostor
SD,0.24311,Genuine
SD,-0.190198,Impostor
SD,0.236299,Genuine
SD,-0.192103,Impostor
SD,0.234757,Genuine
SD,-0.194225,Impostor
SD,0.226788,Genuine
SD,-0.196333,Impostor
SD,0.218425,Genuine
SD,-0.198479,Impostor
SD,0.218425,Genuine
SD,-0.200493,Impostor
SD,0.216405,Genuine
SD,-0.202586,Impostor
SD,0.215576,Genuine
SD,-0.204897,Impostor
SD,0.207853,Genuine
SD,-0.207075,Impostor
SD,0.203939,Genuine
SD,-0.209232,Impostor
SD,0.197184,Genuine
SD,-0.211586,Impostor
SD,0.197184,Genuine
SD,-0.213758,Impostor
SD,0.19483,Genuine
SD,-0.215829,Impostor
SD,0.191214,Genuine
SD,-0.217961,Impostor
SD,0.18747,Genuine
SD,-0.220005,Impostor
SD,0.186814,Genuine
SD,-0.22211,Impostor
SD,0.179928,Genuine
SD,-0.224466,Impostor
SD,0.171312,Genuine
SD,-0.226676,Impostor
SD,0.169327,Genuine
SD,-0.229251,Impostor
SD,0.167459,Genuine
SD,-0.231524,Impostor
SD,0.155565,Genuine
SD,-0.234011,Impostor
SD,0.154936,Genuine
SD,-0.236497,Impostor
SD,0.154936,Genuine
SD,-0.23909,Impostor
SD,0.151534,Genuine
SD,-0.24146,Impostor
SD,0.145698,Genuine
SD,-0.243861,Impostor
SD,0.132274,Genuine
SD,-0.246227,Impostor
SD,0.12829,Genuine
SD,-0.248498,Impostor
SD,0.126039,Genuine
SD,-0.250771,Impostor
SD,0.125969,Genuine
SD,-0.253057,Impostor
SD,0.122532,Genuine
SD,-0.25547,Impostor
SD,0.110957,Genuine
SD,-0.258033,Impostor
SD,0.102012,Genuine
SD,-0.260477,Impostor
SD,0.0974954,Genuine
SD,-0.263073,Impostor
SD,0.0933012,Genuine
SD,-0.265659,Impostor
SD,0.0927168,Genuine
SD,-0.268195,Impostor
SD,0.0911742,Genuine
SD,-0.270572,Impostor
SD,0.0810619,Genuine
SD,-0.273254,Impostor
SD,0.0766443,Genuine
SD,-0.275837,Impostor
SD,0.0711325,Genuine
SD,-0.27852,Impostor
SD,0.0693535,Genuine
SD,-0.281223,Impostor
SD,0.0588786,Genuine
SD,-0.283959,Impostor
SD,0.0515198,Genuine
SD,-0.286659,Impostor
SD,0.0459642,Genuine
SD,-0.289788,Impostor
SD,0.0435653,Genuine
SD,-0.292617,Impostor
SD,0.0420712,Genuine
SD,-0.295442,Impostor
SD,0.0395314,Genuine
SD,-0.298411,Impostor
SD,0.0280156,Genuine
SD,-0.300991,Impostor
SD,0.0198005,Genuine
SD,-0.304114,Impostor
SD,0.0142822,Genuine
SD,-0.306946,Impostor
SD,0.00298496,Genuine
SD,-0.310108,Impostor
SD,-0.00203476,Genuine
SD,-0.313313,Impostor
SD,-0.00257704,Genuine
SD,-0.316474,Impostor
SD,-0.00257704,Genuine
SD,-0.31959,Impostor
SD,-0.00257704,Genuine
SD,-0.322755,Impostor
SD,-0.00661095,Genuine
SD,-0.325902,Impostor
SD,-0.00677768,Genuine
SD,-0.329248,Impostor
SD,-0.0069865,Genuine
SD,-0.332603,Impostor
SD,-0.00862305,Genuine
SD,-0.335936,Impostor
SD,-0.00981445,Genuine
SD,-0.338785,Impostor
SD,-0.012364,Genuine
SD,-0.342402,Impostor
SD,-0.0162392,Genuine
SD,-0.345691,Impostor
SD,-0.0182173,Genuine
SD,-0.349056,Impostor
SD,-0.0232419,Genuine
SD,-0.352833,Impostor
SD,-0.0232419,Genuine
SD,-0.356609,Impostor
SD,-0.036344,Genuine
SD,-0.360287,Impostor
SD,-0.0486271,Genuine
SD,-0.364083,Impostor
SD,-0.049451,Genuine
SD,-0.368378,Impostor
SD,-0.0563274,Genuine
SD,-0.372297,Impostor
SD,-0.060057,Genuine
SD,-0.376261,Impostor
SD,-0.0703409,Genuine
SD,-0.380918,Impostor
SD,-0.0760438,Genuine
SD,-0.385405,Impostor
SD,-0.0812027,Genuine
SD,-0.390467,Impostor
SD,-0.0888416,Genuine
SD,-0.395242,Impostor
SD,-0.092529,Genuine
SD,-0.400092,Impostor
SD,-0.0980312,Genuine
SD,-0.404558,Impostor
SD,-0.10681,Genuine
SD,-0.409322,Impostor
SD,-0.116391,Genuine
SD,-0.414687,Impostor
SD,-0.122295,Genuine
SD,-0.419501,Impostor
SD,-0.122295,Genuine
SD,-0.424916,Impostor
SD,-0.122295,Genuine
SD,-0.430499,Impostor
SD,-0.13674,Genuine
SD,-0.435811,Impostor
SD,-0.144073,Genuine
SD,-0.440935,Impostor
SD,-0.151642,Genuine
SD,-0.446952,Impostor
SD,-0.163171,Genuine
SD,-0.452952,Impostor
SD,-0.163726,Genuine
SD,-0.459927,Impostor
SD,-0.168717,Genuine
SD,-0.466601,Impostor
SD,-0.181269,Genuine
SD,-0.473326,Impostor
SD,-0.191933,Genuine
SD,-0.480607,Impostor
SD,-0.194895,Genuine
SD,-0.488404,Impostor
SD,-0.196239,Genuine
SD,-0.496616,Impostor
SD,-0.239003,Genuine
SD,-0.505493,Impostor
SD,-0.271297,Genuine
SD,-0.514102,Impostor
SD,-0.291458,Genuine
SD,-0.524879,Impostor
SD,-0.304538,Genuine
SD,-0.535842,Impostor
SD,-0.326067,Genuine
SD,-0.54726,Impostor
SD,-0.342138,Genuine
SD,-0.560081,Impostor
SD,-0.342138,Genuine
SD,-0.573079,Impostor
SD,-0.346559,Genuine
SD,-0.587802,Impostor
SD,-0.356562,Genuine
SD,-0.605833,Impostor
SD,-0.386061,Genuine
SD,-0.628435,Impostor
SD,-0.400927,Genuine
SD,-0.657053,Impostor
SD,-0.468435,Genuine
SD,-0.696023,Impostor
SD,-0.473348,Genuine
SD,-0.761456,Impostor
SD,-0.54089,Genuine
SD,-1.25909,Impostor
CMC,1,0.384615
CMC,2,0.450549
CMC,3,0.483516
CMC,4,0.5
CMC,5,0.519231
CMC,6,0.524725
CMC,7,0.53022
CMC,8,0.549451
CMC,9,0.563187
CMC,10,0.563187
CMC,11,0.568681
CMC,12,0.571429
CMC,13,0.576923
CMC,14,0.587912
CMC,15,0.593407
CMC,16,0.598901
CMC,17,0.598901
CMC,18,0.607143
CMC,19,0.618132
CMC,20,0.626374
CMC,21,0.626374
CMC,22,0.629121
CMC,23,0.631868
CMC,24,0.631868
CMC,25,0.637363
CMC,26,0.645604
CMC,27,0.656593
CMC,28,0.656593
CMC,29,0.659341
CMC,30,0.659341
CMC,31,0.659341
CMC,32,0.664835
CMC,33,0.667582
CMC,34,0.675824
CMC,35,0.675824
CMC,36,0.678571
CMC,37,0.684066
CMC,38,0.684066
CMC,39,0.684066
CMC,40,0.684066
CMC,41,0.686813
CMC,42,0.686813
CMC,43,0.695055
CMC,44,0.697802
CMC,45,0.700549
CMC,46,0.703297
CMC,47,0.703297
CMC,48,0.706044
CMC,49,0.706044
CMC,50,0.706044
CMC,51,0.706044
CMC,52,0.708791
CMC,53,0.714286
CMC,54,0.717033
CMC,55,0.717033
CMC,56,0.717033
CMC,57,0.725275
CMC,58,0.728022
CMC,59,0.739011
CMC,60,0.744505
CMC,61,0.747253
CMC,62,0.747253
CMC,63,0.75
CMC,64,0.75
CMC,65,0.75
CMC,66,0.752747
CMC,67,0.752747
CMC,68,0.758242
CMC,69,0.760989
CMC,70,0.760989
CMC,71,0.763736
CMC,72,0.766484
CMC,73,0.769231
CMC,74,0.771978
CMC,75,0.771978
CMC,76,0.782967
CMC,77,0.785714
CMC,78,0.802198
CMC,79,0.802198
CMC,80,0.804945
CMC,81,0.804945
CMC,82,0.804945
CMC,83,0.804945
CMC,84,0.81044
CMC,85,0.81044
CMC,86,0.813187
CMC,87,0.824176
CMC,88,0.824176
CMC,89,0.824176
CMC,90,0.824176
CMC,91,0.824176
CMC,92,0.824176
CMC,93,0.824176
CMC,94,0.826923
CMC,95,0.826923
CMC,96,0.826923
CMC,97,0.826923
CMC,98,0.832418
CMC,99,0.837912
CMC,100,0.837912
CMC,101,0.837912
CMC,102,0.837912
CMC,103,0.840659
CMC,104,0.840659
CMC,105,0.840659
CMC,106,0.840659
CMC,107,0.843407
CMC,108,0.843407
CMC,109,0.846154
CMC,110,0.846154
CMC,111,0.846154
CMC,112,0.846154
CMC,113,0.846154
CMC,114,0.851648
CMC,115,0.854396
CMC,116,0.857143
CMC,117,0.85989
CMC,118,0.85989
CMC,119,0.85989
CMC,120,0.85989
CMC,121,0.85989
CMC,122,0.85989
CMC,123,0.865385
CMC,124,0.865385
CMC,125,0.865385
CMC,126,0.865385
CMC,127,0.865385
CMC,128,0.865385
CMC,129,0.865385
CMC,130,0.868132
CMC,131,0.868132
CMC,132,0.868132
CMC,133,0.870879
CMC,134,0.873626
CMC,135,0.873626
CMC,136,0.873626
CMC,137,0.873626
CMC,138,0.873626
CMC,139,0.876374
CMC,140,0.876374
CMC,141,0.876374
CMC,142,0.876374
CMC,143,0.876374
CMC,144,0.876374
CMC,145,0.876374
CMC,146,0.876374
CMC,147,0.876374
CMC,148,0.876374
CMC,149,0.879121
CMC,150,0.879121
CMC,151,0.879121
CMC,152,0.879121
CMC,153,0.879121
CMC,154,0.879121
CMC,155,0.879121
CMC,156,0.881868
CMC,157,0.881868
CMC,158,0.881868
CMC,159,0.881868
CMC,160,0.881868
CMC,161,0.881868
CMC,162,0.881868
CMC,163,0.881868
CMC,164,0.881868
CMC,165,0.881868
CMC,166,0.881868
CMC,167,0.881868
CMC,168,0.881868
CMC,169,0.881868
CMC,170,0.892857
CMC,171,0.892857
CMC,172,0.892857
CMC,173,0.892857
CMC,174,0.892857
CMC,175,0.892857
CMC,176,0.892857
CMC,177,0.892857
CMC,178,0.892857
CMC,179,0.892857
CMC,180,0.892857
CMC,181,0.895604
CMC,182,0.895604
CMC,183,0.895604
CMC,184,0.895604
CMC,185,0.895604
CMC,186,0.895604
CMC,187,0.895604
CMC,188,0.895604
CMC,189,0.895604
CMC,190,0.895604
CMC,191,0.895604
CMC,192,0.895604
CMC,193,0.895604
CMC,194,0.895604
CMC,195,0.895604
CMC,196,0.895604
CMC,197,0.895604
CMC,198,0.895604
CMC,199,0.895604
CMC,200,0.895604
